Date,Low (in Celsius),High (in Celcius),Average Temperature,weather_desc,daylight_hours,daylight_mins,daylight_sec
2019-01-01,6.25,9.25,7.75,Overcast.,7.0,55.0,44.0
2019-01-02,3.5,5.0,4.25,Overcast.,7.0,56.0,55.0
2019-01-03,4.0,4.5,4.25,Overcast.,7.0,58.0,12.0
2019-01-04,1.5,3.25,2.375,Overcast.,7.0,59.0,34.0
2019-01-05,4.25,4.25,4.25,Overcast.,8.0,1.0,2.0
2019-01-06,6.0,8.0,7.0,Overcast.,8.0,2.0,36.0
2019-01-07,8.5,10.0,9.25,Overcast.,8.0,4.0,16.0
2019-01-08,5.0,7.25,6.125,Passing clouds.,8.0,6.0,1.0
2019-01-09,2.5,4.25,3.375,Passing clouds.,8.0,7.0,52.0
2019-01-10,2.5,4.25,3.375,Broken clouds.,8.0,9.0,48.0
2019-01-11,5.75,7.5,6.625,Partly sunny.,8.0,11.0,49.0
2019-01-12,8.25,9.75,9.0,Partly sunny.,8.0,13.0,54.0
2019-01-13,10.0,11.25,10.625,Passing clouds.,8.0,16.0,5.0
2019-01-14,6.5,8.5,7.5,Passing clouds.,8.0,18.0,21.0
2019-01-15,5.75,7.75,6.75,Broken clouds.,8.0,20.0,41.0
2019-01-16,6.25,8.0,7.125,Clear.,8.0,23.0,6.0
2019-01-17,1.25,3.5,2.375,Passing clouds.,8.0,25.0,35.0
2019-01-18,0.5,3.75,2.125,Partly sunny.,8.0,28.0,8.0
2019-01-19,3.0,5.0,4.0,Passing clouds.,8.0,30.0,46.0
2019-01-20,-1.0,2.0,0.5,Passing clouds.,8.0,33.0,27.0
2019-01-21,0.0,2.75,1.375,Partly sunny.,8.0,36.0,12.0
2019-01-22,0.5,4.25,2.375,Light rain. Partly sunny.,8.0,39.0,1.0
2019-01-23,-0.5,1.25,0.375,Low clouds.,8.0,41.0,54.0
2019-01-24,-0.25,1.75,0.75,Overcast.,8.0,44.0,50.0
2019-01-25,6.0,9.0,7.5,Fog.,8.0,47.0,49.0
2019-01-26,8.0,9.0,8.5,Broken clouds.,8.0,50.0,51.0
2019-01-27,4.25,6.5,5.375,Passing clouds.,8.0,53.0,57.0
2019-01-28,0.5,3.5,2.0,Clear.,8.0,57.0,5.0
2019-01-29,0.5,3.25,1.875,Passing clouds.,9.0,0.0,17.0
2019-01-30,-2.0,2.75,0.375,Passing clouds.,9.0,3.0,31.0
2019-01-31,-2.25,1.25,-0.5,Clear.,9.0,6.0,47.0
2019-02-01,1.0,1.75,1.375,Light rain. Broken clouds.,9.0,10.0,6.0
2019-02-02,1.25,3.5,2.375,Passing clouds.,9.0,13.0,28.0
2019-02-03,0.25,4.25,2.25,Sunny.,9.0,16.0,51.0
2019-02-04,5.5,8.0,6.75,Passing clouds.,9.0,20.0,17.0
2019-02-05,5.75,7.75,6.75,Low clouds.,9.0,23.0,45.0
2019-02-06,8.25,9.75,9.0,Broken clouds.,9.0,27.0,15.0
2019-02-07,6.75,8.75,7.75,Passing clouds.,9.0,30.0,47.0
2019-02-08,8.5,9.75,9.125,Light rain. Mostly cloudy.,9.0,34.0,20.0
2019-02-09,7.5,8.75,8.125,Passing clouds.,9.0,37.0,56.0
2019-02-10,5.0,6.5,5.75,Passing clouds.,9.0,41.0,32.0
2019-02-11,1.75,7.0,4.375,Passing clouds.,9.0,45.0,11.0
2019-02-12,3.0,7.5,5.25,Broken clouds.,9.0,48.0,50.0
2019-02-13,5.75,9.5,7.625,Partly sunny.,9.0,52.0,32.0
2019-02-14,1.0,8.75,4.875,Clear.,9.0,56.0,14.0
2019-02-15,2.0,9.0,5.5,Clear.,9.0,59.0,58.0
2019-02-16,7.25,9.75,8.5,Broken clouds.,10.0,3.0,42.0
2019-02-17,6.75,11.5,9.125,Clear.,10.0,7.0,28.0
2019-02-18,6.25,8.75,7.5,Broken clouds.,10.0,11.0,15.0
2019-02-19,5.0,8.5,6.75,Clear.,10.0,15.0,3.0
2019-02-20,7.75,10.0,8.875,Overcast.,10.0,18.0,51.0
2019-02-21,8.75,11.5,10.125,Clear.,10.0,22.0,41.0
2019-02-22,7.75,11.25,9.5,Clear.,10.0,26.0,31.0
2019-02-23,7.75,13.0,10.375,Clear.,10.0,30.0,22.0
2019-02-24,3.75,11.25,7.5,Clear.,10.0,34.0,14.0
2019-02-25,4.0,12.5,8.25,Clear.,10.0,38.0,7.0
2019-02-26,4.75,13.5,9.125,Clear.,10.0,42.0,0.0
2019-02-27,4.5,12.0,8.25,Clear.,10.0,45.0,54.0
2019-02-28,7.25,9.25,8.25,Broken clouds.,10.0,49.0,48.0
2019-03-01,8.5,10.0,9.25,Overcast.,10.0,53.0,43.0
2019-03-02,10.0,12.0,11.0,Broken clouds.,10.0,57.0,38.0
2019-03-03,9.5,11.75,10.625,Passing clouds.,11.0,1.0,33.0
2019-03-04,4.5,9.0,6.75,Partly sunny.,11.0,5.0,29.0
2019-03-05,6.0,9.25,7.625,Passing clouds.,11.0,9.0,26.0
2019-03-06,9.25,11.0,10.125,Broken clouds.,11.0,13.0,22.0
2019-03-07,6.75,9.5,8.125,Broken clouds.,11.0,17.0,19.0
2019-03-08,5.75,8.75,7.25,Partly sunny.,11.0,21.0,17.0
2019-03-09,8.333333333333334,11.666666666666666,10.0,Partly sunny.,11.0,25.0,14.0
2019-03-10,6.0,9.0,7.5,Clear.,11.0,29.0,12.0
2019-03-11,5.75,7.75,6.75,Clear.,11.0,33.0,10.0
2019-03-12,6.0,7.75,6.875,Light rain. More clouds than sun.,11.0,37.0,8.0
2019-03-13,7.5,9.25,8.375,Broken clouds.,11.0,41.0,6.0
2019-03-14,8.5,11.25,9.875,Passing clouds.,11.0,45.0,4.0
2019-03-15,11.0,13.0,12.0,Broken clouds.,11.0,49.0,2.0
2019-03-16,10.0,11.5,10.75,Partly sunny.,11.0,53.0,1.0
2019-03-17,4.75,7.75,6.25,Passing clouds.,11.0,56.0,59.0
2019-03-18,5.75,8.25,7.0,Passing clouds.,12.0,0.0,57.0
2019-03-19,8.25,11.0,9.625,Broken clouds.,12.0,4.0,56.0
2019-03-20,10.25,11.5,10.875,Overcast.,12.0,8.0,54.0
2019-03-21,10.75,12.25,11.5,Partly sunny.,12.0,12.0,52.0
2019-03-22,9.0,10.75,9.875,Overcast.,12.0,16.0,51.0
2019-03-23,8.5,11.0,9.75,Partly sunny.,12.0,20.0,49.0
2019-03-24,5.5,10.0,7.75,Passing clouds.,12.0,24.0,47.0
2019-03-25,6.0,10.25,8.125,Clear.,12.0,28.0,45.0
2019-03-26,4.75,9.0,6.875,Partly sunny.,12.0,32.0,43.0
2019-03-27,6.25,10.5,8.375,Passing clouds.,12.0,36.0,40.0
2019-03-28,8.75,12.25,10.5,Clear.,12.0,40.0,38.0
2019-03-29,6.5,13.5,10.0,Clear.,12.0,44.0,35.0
2019-03-30,8.5,14.25,11.375,Clear.,12.0,48.0,32.0
2019-03-31,8.0,10.5,9.25,Clear.,12.0,52.0,29.0
2019-04-01,6.25,10.75,8.5,Sunny.,12.0,56.0,26.0
2019-04-02,2.75,6.0,4.375,Clear.,13.0,0.0,22.0
2019-04-03,2.25,6.0,4.125,Passing clouds.,13.0,4.0,18.0
2019-04-04,4.75,7.25,6.0,Broken clouds.,13.0,8.0,14.0
2019-04-05,8.5,11.25,9.875,Clear.,13.0,12.0,10.0
2019-04-06,7.25,9.75,8.5,Partly sunny.,13.0,16.0,4.0
2019-04-07,7.75,9.75,8.75,Low clouds.,13.0,19.0,59.0
2019-04-08,8.5,10.0,9.25,Light rain. Partly sunny.,13.0,23.0,53.0
2019-04-09,8.0,10.5,9.25,Fog.,13.0,27.0,47.0
2019-04-10,6.0,9.25,7.625,Passing clouds.,13.0,31.0,40.0
2019-04-11,3.75,8.5,6.125,Passing clouds.,13.0,35.0,32.0
2019-04-12,4.25,8.0,6.125,Clear.,13.0,39.0,24.0
2019-04-13,2.5,7.0,4.75,Clear.,13.0,43.0,16.0
2019-04-14,2.25,7.0,4.625,Partly sunny.,13.0,47.0,6.0
2019-04-15,7.25,10.75,9.0,Mostly cloudy.,13.0,50.0,56.0
2019-04-16,8.0,12.0,10.0,Overcast.,13.0,54.0,46.0
2019-04-17,9.25,14.75,12.0,Clear.,13.0,58.0,34.0
2019-04-18,11.75,17.0,14.375,Clear.,14.0,2.0,21.0
2019-04-19,12.25,19.0,15.625,Clear.,14.0,6.0,8.0
2019-04-20,12.5,19.0,15.75,Clear.,14.0,9.0,54.0
2019-04-21,11.0,18.75,14.875,Clear.,14.0,13.0,39.0
2019-04-22,12.25,19.25,15.75,Sunny.,14.0,17.0,23.0
2019-04-23,13.25,17.75,15.5,Sunny.,14.0,21.0,6.0
2019-04-24,11.25,15.25,13.25,Partly sunny.,14.0,24.0,47.0
2019-04-25,10.75,13.5,12.125,Passing clouds.,14.0,28.0,28.0
2019-04-26,7.75,13.5,10.625,Broken clouds.,14.0,32.0,7.0
2019-04-27,9.0,10.5,9.75,Passing clouds.,14.0,35.0,45.0
2019-04-28,9.0,12.25,10.625,Partly sunny.,14.0,39.0,22.0
2019-04-29,8.0,11.75,9.875,Broken clouds.,14.0,42.0,57.0
2019-04-30,9.0,14.25,11.625,Clear.,14.0,46.0,31.0
2019-05-01,10.0,13.5,11.75,Broken clouds.,14.0,50.0,3.0
2019-05-02,9.75,13.0,11.375,Broken clouds.,14.0,53.0,34.0
2019-05-03,7.75,11.0,9.375,Passing clouds.,14.0,57.0,3.0
2019-05-04,5.0,9.0,7.0,Scattered clouds.,15.0,0.0,30.0
2019-05-05,6.0,9.0,7.5,Partly sunny.,15.0,3.0,55.0
2019-05-06,7.5,10.25,8.875,Overcast.,15.0,7.0,19.0
2019-05-07,9.0,13.0,11.0,Sunny.,15.0,10.0,40.0
2019-05-08,9.0,12.0,10.5,Broken clouds.,15.0,13.0,59.0
2019-05-09,8.5,12.0,10.25,Broken clouds.,15.0,17.0,16.0
2019-05-10,8.75,13.5,11.125,Passing clouds.,15.0,20.0,31.0
2019-05-11,9.25,13.25,11.25,Broken clouds.,15.0,23.0,43.0
2019-05-12,7.75,13.5,10.625,Clear.,15.0,26.0,52.0
2019-05-13,8.0,13.75,10.875,Clear.,15.0,29.0,59.0
2019-05-14,10.25,15.0,12.625,Clear.,15.0,33.0,4.0
2019-05-15,10.25,16.25,13.25,Clear.,15.0,36.0,5.0
2019-05-16,10.5,15.0,12.75,Clear.,15.0,39.0,4.0
2019-05-17,10.75,12.5,11.625,Broken clouds.,15.0,41.0,59.0
2019-05-18,11.25,14.5,12.875,Partly sunny.,15.0,44.0,51.0
2019-05-19,11.0,14.75,12.875,Overcast.,15.0,47.0,40.0
2019-05-20,12.75,17.0,14.875,Broken clouds.,15.0,50.0,26.0
2019-05-21,12.25,17.0,14.625,Sunny.,15.0,53.0,8.0
2019-05-22,12.75,17.25,15.0,Sunny.,15.0,55.0,46.0
2019-05-23,13.25,19.75,16.5,Sunny.,15.0,58.0,21.0
2019-05-24,13.75,18.0,15.875,Partly sunny.,16.0,0.0,52.0
2019-05-25,16.5,19.5,18.0,Overcast.,16.0,3.0,20.0
2019-05-26,14.25,18.25,16.25,Partly sunny.,16.0,5.0,43.0
2019-05-27,11.75,15.5,13.625,Clear.,16.0,8.0,2.0
2019-05-28,10.75,14.0,12.375,Passing clouds.,16.0,10.0,16.0
2019-05-29,11.25,13.75,12.5,Passing clouds.,16.0,12.0,26.0
2019-05-30,16.75,20.25,18.5,Partly sunny.,16.0,14.0,32.0
2019-05-31,15.5,18.0,16.75,Partly sunny.,16.0,16.0,33.0
2019-06-01,16.5,22.0,19.25,Sunny.,16.0,18.0,30.0
2019-06-02,17.25,21.5,19.375,Broken clouds.,16.0,20.0,21.0
2019-06-03,13.0,17.25,15.125,Passing clouds.,16.0,22.0,8.0
2019-06-04,12.75,15.75,14.25,Clear.,16.0,23.0,49.0
2019-06-05,13.0,16.5,14.75,Broken clouds.,16.0,25.0,25.0
2019-06-06,11.75,16.0,13.875,Sunny.,16.0,26.0,56.0
2019-06-07,12.5,15.25,13.875,Broken clouds.,16.0,28.0,22.0
2019-06-08,12.25,16.0,14.125,Light rain. Broken clouds.,16.0,29.0,42.0
2019-06-09,11.0,16.0,13.5,Broken clouds.,16.0,30.0,57.0
2019-06-10,10.75,12.25,11.5,Light rain. Low clouds.,16.0,32.0,6.0
2019-06-11,11.75,14.25,13.0,Partly sunny.,16.0,33.0,10.0
2019-06-12,11.5,13.5,12.5,Light rain. More clouds than sun.,16.0,34.0,7.0
2019-06-13,12.0,12.75,12.375,Broken clouds.,16.0,34.0,59.0
2019-06-14,13.75,16.75,15.25,Scattered clouds.,16.0,35.0,45.0
2019-06-15,12.75,16.5,14.625,Broken clouds.,16.0,36.0,25.0
2019-06-16,13.0,17.0,15.0,Partly sunny.,16.0,36.0,59.0
2019-06-17,15.0,19.0,17.0,Scattered clouds.,16.0,37.0,28.0
2019-06-18,14.0,16.75,15.375,Broken clouds.,16.0,37.0,50.0
2019-06-19,15.5,17.75,16.625,Broken clouds.,16.0,38.0,6.0
2019-06-20,14.25,17.5,15.875,Partly sunny.,16.0,38.0,16.0
2019-06-21,13.0,17.25,15.125,Sunny.,16.0,38.0,20.0
2019-06-22,14.25,19.5,16.875,Sunny.,16.0,38.0,18.0
2019-06-23,16.75,20.5,18.625,Sunny.,16.0,38.0,9.0
2019-06-24,19.25,22.5,20.875,Sunny.,16.0,37.0,55.0
2019-06-25,18.25,21.0,19.625,Partly sunny.,16.0,37.0,35.0
2019-06-26,15.5,18.25,16.875,Partly sunny.,16.0,37.0,9.0
2019-06-27,15.25,20.0,17.625,Sunny.,16.0,36.0,36.0
2019-06-28,16.0,20.25,18.125,Passing clouds.,16.0,35.0,58.0
2019-06-29,21.0,27.25,24.125,Sunny.,16.0,35.0,14.0
2019-06-30,16.75,22.0,19.375,Clear.,16.0,34.0,24.0
2019-07-01,15.5,18.75,17.125,Passing clouds.,16.0,33.0,29.0
2019-07-02,13.75,18.75,16.25,Sunny.,16.0,32.0,27.0
2019-07-03,15.0,20.0,17.5,Sunny.,16.0,31.0,20.0
2019-07-04,16.25,21.75,19.0,Sunny.,16.0,30.0,7.0
2019-07-05,18.75,22.75,20.75,Sunny.,16.0,28.0,49.0
2019-07-06,16.25,21.0,18.625,Partly sunny.,16.0,27.0,26.0
2019-07-07,15.25,19.0,17.125,Broken clouds.,16.0,25.0,57.0
2019-07-08,16.0,20.0,18.0,Broken clouds.,16.0,24.0,23.0
2019-07-09,17.25,20.75,19.0,Sunny.,16.0,22.0,43.0
2019-07-10,18.5,22.75,20.625,Partly sunny.,16.0,20.0,59.0
2019-07-11,18.5,23.0,20.75,Overcast.,16.0,19.0,10.0
2019-07-12,18.5,22.25,20.375,Passing clouds.,16.0,17.0,16.0
2019-07-13,16.5,20.25,18.375,Clear.,16.0,15.0,17.0
2019-07-14,14.75,19.5,17.125,Clear.,16.0,13.0,14.0
2019-07-15,14.25,18.25,16.25,Passing clouds.,16.0,11.0,6.0
2019-07-16,16.0,22.5,19.25,Sunny.,16.0,8.0,54.0
2019-07-17,17.5,22.25,19.875,Sunny.,16.0,6.0,38.0
2019-07-18,17.0,21.0,19.0,Broken clouds.,16.0,4.0,17.0
2019-07-19,14.75,17.75,16.25,Light rain. Broken clouds.,16.0,1.0,53.0
2019-07-20,17.25,21.25,19.25,Broken clouds.,15.0,59.0,25.0
2019-07-21,16.25,20.5,18.375,Broken clouds.,15.0,56.0,52.0
2019-07-22,19.5,23.75,21.625,Passing clouds.,15.0,54.0,17.0
2019-07-23,21.5,28.0,24.75,Sunny.,15.0,51.0,37.0
2019-07-24,22.25,28.25,25.25,Sunny.,15.0,48.0,54.0
2019-07-25,24.25,31.25,27.75,Sunny.,15.0,46.0,8.0
2019-07-26,20.25,23.75,22.0,Broken clouds.,15.0,43.0,19.0
2019-07-27,16.5,18.25,17.375,Light rain. Broken clouds.,15.0,40.0,26.0
2019-07-28,16.5,19.5,18.0,Partly sunny.,15.0,37.0,31.0
2019-07-29,18.0,21.75,19.875,Passing clouds.,15.0,34.0,32.0
2019-07-30,17.0,19.25,18.125,Sprinkles. Broken clouds.,15.0,31.0,31.0
2019-07-31,17.75,20.5,19.125,Broken clouds.,15.0,28.0,27.0
2019-08-01,17.75,21.75,19.75,Mostly cloudy.,15.0,25.0,20.0
2019-08-02,17.5,22.0,19.75,Passing clouds.,15.0,22.0,11.0
2019-08-03,17.5,21.5,19.5,Partly sunny.,15.0,19.0,0.0
2019-08-04,17.75,22.0,19.875,Passing clouds.,15.0,15.0,46.0
2019-08-05,18.25,22.0,20.125,Partly cloudy.,15.0,12.0,31.0
2019-08-06,17.25,20.25,18.75,Broken clouds.,15.0,9.0,13.0
2019-08-07,15.5,20.0,17.75,Scattered clouds.,15.0,5.0,53.0
2019-08-08,17.5,21.5,19.5,Partly sunny.,15.0,2.0,31.0
2019-08-09,18.25,21.75,20.0,Passing clouds.,14.0,59.0,7.0
2019-08-10,17.5,20.0,18.75,Passing clouds.,14.0,55.0,42.0
2019-08-11,16.0,19.75,17.875,Broken clouds.,14.0,52.0,15.0
2019-08-12,13.5,16.75,15.125,Passing clouds.,14.0,48.0,46.0
2019-08-13,13.5,18.0,15.75,Sunny.,14.0,45.0,16.0
2019-08-14,14.75,16.0,15.375,Drizzle. Broken clouds.,14.0,41.0,44.0
2019-08-15,15.75,19.75,17.75,Partly cloudy.,14.0,38.0,11.0
2019-08-16,14.5,16.25,15.375,Light rain. Mostly cloudy.,14.0,34.0,36.0
2019-08-17,16.5,19.75,18.125,Scattered clouds.,14.0,31.0,1.0
2019-08-18,15.0,18.5,16.75,Clear.,14.0,27.0,24.0
2019-08-19,13.75,18.0,15.875,Passing clouds.,14.0,23.0,46.0
2019-08-20,13.25,18.25,15.75,Sunny.,14.0,20.0,7.0
2019-08-21,14.25,19.5,16.875,Broken clouds.,14.0,16.0,26.0
2019-08-22,15.25,20.25,17.75,Partly sunny.,14.0,12.0,45.0
2019-08-23,16.5,22.75,19.625,Clear.,14.0,9.0,3.0
2019-08-24,17.0,24.5,20.75,Sunny.,14.0,5.0,20.0
2019-08-25,19.25,26.75,23.0,Clear.,14.0,1.0,36.0
2019-08-26,19.75,27.0,23.375,Clear.,13.0,57.0,51.0
2019-08-27,20.25,27.25,23.75,Clear.,13.0,54.0,6.0
2019-08-28,18.5,22.25,20.375,Broken clouds.,13.0,50.0,20.0
2019-08-29,14.75,20.0,17.375,Passing clouds.,13.0,46.0,33.0
2019-08-30,15.75,20.0,17.875,Partly sunny.,13.0,42.0,45.0
2019-08-31,13.0,19.25,16.125,Partly sunny.,13.0,38.0,57.0
2019-09-01,11.75,17.5,14.625,Sunny.,13.0,35.0,8.0
2019-09-02,12.5,17.5,15.0,Passing clouds.,13.0,31.0,19.0
2019-09-03,16.0,18.75,17.375,Partly sunny.,13.0,27.0,29.0
2019-09-04,15.5,18.5,17.0,Passing clouds.,13.0,23.0,39.0
2019-09-05,12.5,16.25,14.375,Passing clouds.,13.0,19.0,48.0
2019-09-06,11.5,15.25,13.375,Broken clouds.,13.0,15.0,57.0
2019-09-07,11.75,15.25,13.5,Passing clouds.,13.0,12.0,6.0
2019-09-08,9.0,14.75,11.875,Clear.,13.0,8.0,14.0
2019-09-09,12.25,14.75,13.5,Passing clouds.,13.0,4.0,22.0
2019-09-10,13.25,16.75,15.0,Partly sunny.,13.0,0.0,29.0
2019-09-11,15.5,19.0,17.25,Passing clouds.,12.0,56.0,37.0
2019-09-12,16.5,20.5,18.5,Passing clouds.,12.0,52.0,44.0
2019-09-13,14.5,19.25,16.875,Clear.,12.0,48.0,50.0
2019-09-14,11.25,19.25,15.25,Clear.,12.0,44.0,57.0
2019-09-15,13.5,20.0,16.75,Clear.,12.0,41.0,3.0
2019-09-16,16.0,18.0,17.0,Partly sunny.,12.0,37.0,10.0
2019-09-17,11.5,16.5,14.0,Passing clouds.,12.0,33.0,16.0
2019-09-18,9.5,16.0,12.75,Clear.,12.0,29.0,22.0
2019-09-19,10.5,17.25,13.875,Clear.,12.0,25.0,27.0
2019-09-20,11.75,17.0,14.375,Clear.,12.0,21.0,33.0
2019-09-21,15.5,20.5,18.0,Clear.,12.0,17.0,38.0
2019-09-22,16.0,18.75,17.375,Broken clouds.,12.0,13.0,44.0
2019-09-23,14.75,17.25,16.0,Passing clouds.,12.0,9.0,49.0
2019-09-24,16.0,17.75,16.875,Broken clouds.,12.0,5.0,54.0
2019-09-25,16.0,18.25,17.125,Passing clouds.,12.0,1.0,59.0
2019-09-26,15.5,18.25,16.875,Passing clouds.,11.0,58.0,5.0
2019-09-27,13.5,16.25,14.875,Passing clouds.,11.0,54.0,10.0
2019-09-28,14.25,16.0,15.125,Passing clouds.,11.0,50.0,15.0
2019-09-29,14.75,16.75,15.75,Passing clouds.,11.0,46.0,20.0
2019-09-30,12.0,15.75,13.875,Clear.,11.0,42.0,25.0
2019-10-01,14.0,17.0,15.5,Passing clouds.,11.0,38.0,31.0
2019-10-02,7.25,12.0,9.625,Clear.,11.0,34.0,36.0
2019-10-03,6.75,10.5,8.625,Broken clouds.,11.0,30.0,42.0
2019-10-04,12.0,14.5,13.25,Clear.,11.0,26.0,48.0
2019-10-05,12.25,14.25,13.25,Broken clouds.,11.0,22.0,54.0
2019-10-06,12.75,15.0,13.875,Passing clouds.,11.0,19.0,0.0
2019-10-07,12.0,14.0,13.0,Partly sunny.,11.0,15.0,6.0
2019-10-08,11.75,15.0,13.375,Scattered clouds.,11.0,11.0,13.0
2019-10-09,10.75,12.75,11.75,Overcast.,11.0,7.0,20.0
2019-10-10,11.5,14.0,12.75,Clear.,11.0,3.0,28.0
2019-10-11,14.5,16.25,15.375,Passing clouds.,10.0,59.0,35.0
2019-10-12,11.0,12.0,11.5,Passing clouds.,10.0,55.0,43.0
2019-10-13,11.75,14.5,13.125,Passing clouds.,10.0,51.0,52.0
2019-10-14,11.25,13.25,12.25,Drizzle. Overcast.,10.0,48.0,1.0
2019-10-15,11.75,14.25,13.0,Low clouds.,10.0,44.0,10.0
2019-10-16,11.0,14.0,12.5,Broken clouds.,10.0,40.0,20.0
2019-10-17,9.0,12.5,10.75,Passing clouds.,10.0,36.0,31.0
2019-10-18,10.5,13.0,11.75,Passing clouds.,10.0,32.0,42.0
2019-10-19,9.0,12.75,10.875,Clear.,10.0,28.0,53.0
2019-10-20,6.5,9.5,8.0,Passing clouds.,10.0,25.0,6.0
2019-10-21,11.0,12.0,11.5,Passing clouds.,10.0,21.0,19.0
2019-10-22,7.0,12.75,9.875,Passing clouds.,10.0,17.0,32.0
2019-10-23,7.25,10.5,8.875,Clear.,10.0,13.0,47.0
2019-10-24,11.25,11.75,11.5,Fog.,10.0,10.0,2.0
2019-10-25,11.75,14.0,12.875,Passing clouds.,10.0,6.0,19.0
2019-10-26,11.5,14.25,12.875,Passing clouds.,10.0,2.0,36.0
2019-10-27,3.75,8.25,6.0,Clear.,9.0,58.0,54.0
2019-10-28,3.25,7.5,5.375,Clear.,9.0,55.0,14.0
2019-10-29,7.25,9.25,8.25,Partly sunny.,9.0,51.0,34.0
2019-10-30,7.75,10.0,8.875,Partly sunny.,9.0,47.0,56.0
2019-10-31,8.333333333333334,11.333333333333334,9.833333333333334,Broken clouds.,9.0,44.0,19.0
2019-11-01,12.5,14.25,13.375,Passing clouds.,9.0,40.0,44.0
2019-11-02,10.0,12.75,11.375,Passing clouds.,9.0,37.0,10.0
2019-11-03,6.75,10.25,8.5,Passing clouds.,9.0,33.0,38.0
2019-11-04,6.75,9.75,8.25,Fog.,9.0,30.0,7.0
2019-11-05,8.25,10.5,9.375,Passing clouds.,9.0,26.0,38.0
2019-11-06,5.5,8.25,6.875,Clear.,9.0,23.0,11.0
2019-11-07,5.0,8.75,6.875,Passing clouds.,9.0,19.0,45.0
2019-11-08,1.75,5.5,3.625,Clear.,9.0,16.0,22.0
2019-11-09,3.5,6.5,5.0,Clear.,9.0,13.0,1.0
2019-11-10,5.25,8.25,6.75,Passing clouds.,9.0,9.0,42.0
2019-11-11,5.75,8.0,6.875,Clear.,9.0,6.0,25.0
2019-11-12,4.75,7.0,5.875,Passing clouds.,9.0,3.0,11.0
2019-11-13,4.5,7.75,6.125,Passing clouds.,8.0,59.0,59.0
2019-11-14,4.5,7.5,6.0,Passing clouds.,8.0,56.0,50.0
2019-11-15,5.25,7.0,6.125,Partly sunny.,8.0,53.0,44.0
2019-11-16,4.25,6.75,5.5,Partly sunny.,8.0,50.0,40.0
2019-11-17,2.0,6.0,4.0,Broken clouds.,8.0,47.0,39.0
2019-11-18,2.25,6.25,4.25,Passing clouds.,8.0,44.0,42.0
2019-11-19,0.25,3.5,1.875,Broken clouds.,8.0,41.0,48.0
2019-11-20,3.0,6.5,4.75,Partly sunny.,8.0,38.0,57.0
2019-11-21,4.5,5.75,5.125,Low clouds.,8.0,36.0,9.0
2019-11-22,7.75,8.75,8.25,Clear.,8.0,33.0,25.0
2019-11-23,8.25,9.75,9.0,Drizzle. Partly sunny.,8.0,30.0,45.0
2019-11-24,8.75,10.0,9.375,Fog.,8.0,28.0,9.0
2019-11-25,10.25,10.75,10.5,Passing clouds.,8.0,25.0,36.0
2019-11-26,10.5,12.25,11.375,Clear.,8.0,23.0,8.0
2019-11-27,9.5,11.25,10.375,Passing clouds.,8.0,20.0,44.0
2019-11-28,7.75,9.25,8.5,Broken clouds.,8.0,18.0,24.0
2019-11-29,1.5,5.5,3.5,Fog.,8.0,16.0,9.0
2019-11-30,1.5,4.5,3.0,Clear.,8.0,13.0,59.0
2019-12-01,2.75,5.0,3.875,Clear.,8.0,11.0,53.0
2019-12-02,-0.25,3.5,1.625,Clear.,8.0,9.0,53.0
2019-12-03,2.0,6.25,4.125,Clear.,8.0,7.0,57.0
2019-12-04,-1.0,5.0,2.0,Ice fog.,8.0,6.0,7.0
2019-12-05,3.75,6.25,5.0,Broken clouds.,8.0,4.0,22.0
2019-12-06,9.75,12.0,10.875,Partly sunny.,8.0,2.0,42.0
2019-12-07,8.5,10.25,9.375,Broken clouds.,8.0,1.0,8.0
2019-12-08,8.5,10.25,9.375,Passing clouds.,7.0,59.0,40.0
2019-12-09,5.0,7.5,6.25,Passing clouds.,7.0,58.0,17.0
2019-12-10,4.75,8.25,6.5,Light rain. Partly sunny.,7.0,57.0,1.0
2019-12-11,3.25,7.0,5.125,Clear.,7.0,55.0,50.0
2019-12-12,4.25,6.5,5.375,Passing clouds.,7.0,54.0,45.0
2019-12-13,6.25,7.5,6.875,Clear.,7.0,53.0,46.0
2019-12-14,4.75,7.25,6.0,Passing clouds.,7.0,52.0,54.0
2019-12-15,5.5,8.5,7.0,Passing clouds.,7.0,52.0,8.0
2019-12-16,7.0,8.0,7.5,Overcast.,7.0,51.0,28.0
2019-12-17,6.0,7.25,6.625,Light rain. Broken clouds.,7.0,50.0,54.0
2019-12-18,4.0,8.5,6.25,Passing clouds.,7.0,50.0,27.0
2019-12-19,10.75,12.5,11.625,Broken clouds.,7.0,50.0,6.0
2019-12-20,7.0,8.75,7.875,Passing clouds.,7.0,49.0,52.0
2019-12-21,7.5,9.5,8.5,Passing clouds.,7.0,49.0,44.0
2019-12-22,7.25,8.25,7.75,Partly sunny.,7.0,49.0,43.0
2019-12-23,6.75,9.25,8.0,Passing clouds.,7.0,49.0,49.0
2019-12-24,8.5,10.25,9.375,Passing clouds.,7.0,50.0,1.0
2019-12-25,1.75,6.0,3.875,Sunny.,7.0,50.0,19.0
2019-12-26,5.75,8.5,7.125,Drizzle. Mostly cloudy.,7.0,50.0,44.0
2019-12-27,6.75,7.5,7.125,Low clouds.,7.0,51.0,15.0
2019-12-28,8.0,8.75,8.375,Overcast.,7.0,51.0,53.0
2019-12-29,6.5,8.0,7.25,Low clouds.,7.0,52.0,37.0
2019-12-30,5.0,8.5,6.75,Fog.,7.0,53.0,28.0
2019-12-31,6.25,8.0,7.125,Dense fog.,7.0,54.0,24.0
2020-01-01,6.625,8.375,7.5,Passing clouds.,7.0,55.0,27.0
2020-01-02,8.5,10.375,9.4375,Overcast.,7.0,56.0,36.0
2020-01-03,7.25,9.25,8.25,Passing clouds.,7.0,57.0,52.0
2020-01-04,5.375,7.625,6.5,Partly sunny.,7.0,59.0,13.0
2020-01-05,5.25,7.0,6.125,Partly sunny.,8.0,0.0,39.0
2020-01-06,3.5,6.0,4.75,Clear.,8.0,2.0,12.0
2020-01-07,6.0,8.875,7.4375,Sunny.,8.0,3.0,50.0
2020-01-08,9.5,11.0,10.25,Partly sunny.,8.0,5.0,34.0
2020-01-09,9.75,11.625,10.6875,Passing clouds.,8.0,7.0,24.0
2020-01-10,5.0,7.25,6.125,Passing clouds.,8.0,9.0,18.0
2020-01-11,6.375,8.25,7.3125,Passing clouds.,8.0,11.0,18.0
2020-01-12,5.75,8.25,7.0,Passing clouds.,8.0,13.0,22.0
2020-01-13,6.625,8.5,7.5625,Passing clouds.,8.0,15.0,32.0
2020-01-14,7.375,10.125,8.75,Passing clouds.,8.0,17.0,47.0
2020-01-15,9.25,10.75,10.0,Light rain. Mostly cloudy.,8.0,20.0,6.0
2020-01-16,8.25,10.375,9.3125,Passing clouds.,8.0,22.0,29.0
2020-01-17,6.0,8.625,7.3125,Passing clouds.,8.0,24.0,57.0
2020-01-18,2.5,6.375,4.4375,Clear.,8.0,27.0,30.0
2020-01-19,1.625,5.25,3.4375,Sunny.,8.0,30.0,6.0
2020-01-20,3.75,6.125,4.9375,Clear.,8.0,32.0,47.0
2020-01-21,2.75,6.125,4.4375,Passing clouds.,8.0,35.0,31.0
2020-01-22,7.25,9.0,8.125,Fog.,8.0,38.0,19.0
2020-01-23,7.875,9.625,8.75,Overcast.,8.0,41.0,11.0
2020-01-24,7.0,8.5,7.75,More clouds than sun.,8.0,44.0,6.0
2020-01-25,5.125,6.875,6.0,Partly sunny.,8.0,47.0,5.0
2020-01-26,5.25,7.625,6.4375,Passing clouds.,8.0,50.0,6.0
2020-01-27,4.5,6.625,5.5625,Passing clouds.,8.0,53.0,11.0
2020-01-28,3.875,6.75,5.3125,Passing clouds.,8.0,56.0,19.0
2020-01-29,5.375,7.875,6.625,Passing clouds.,8.0,59.0,30.0
2020-01-30,9.25,11.25,10.25,Passing clouds.,9.0,2.0,43.0
2020-01-31,10.25,11.5,10.875,Passing clouds.,9.0,5.0,59.0
2020-03-01,5.0,8.25,6.625,Passing clouds.,10.0,56.0,41.0
2020-03-02,4.0,7.0,5.5,Clear.,11.0,0.0,37.0
2020-03-03,2.5,6.5,4.5,Clear.,11.0,4.0,32.0
2020-03-04,2.5,6.25,4.375,Passing clouds.,11.0,8.0,29.0
2020-03-05,5.5,5.5,5.5,Drizzle. Partly sunny.,11.0,12.0,25.0
2020-03-06,2.25,6.5,4.375,Passing clouds.,11.0,16.0,22.0
2020-03-07,6.0,9.5,7.75,Partly sunny.,11.0,20.0,19.0
2020-03-08,8.25,11.25,9.75,Passing clouds.,11.0,24.0,16.0
2020-03-09,5.5,9.25,7.375,Clear.,11.0,28.0,14.0
2020-03-10,11.75,14.0,12.875,Partly sunny.,11.0,32.0,12.0
2020-03-11,9.5,12.5,11.0,Scattered clouds.,11.0,36.0,9.0
2020-03-12,5.75,8.5,7.125,Passing clouds.,11.0,40.0,8.0
2020-03-13,7.5,9.75,8.625,Partly sunny.,11.0,44.0,6.0
2020-03-14,8.5,10.75,9.625,Partly sunny.,11.0,48.0,4.0
2020-03-15,7.75,10.25,9.0,Clear.,11.0,52.0,2.0
2020-03-16,4.25,9.0,6.625,Clear.,11.0,56.0,1.0
2020-03-17,7.75,10.75,9.25,Partly sunny.,11.0,59.0,59.0
2020-03-18,10.25,12.75,11.5,Partly sunny.,12.0,3.0,57.0
2020-03-19,6.25,7.5,6.875,Drizzle. Broken clouds.,12.0,7.0,56.0
2020-03-20,6.25,8.25,7.25,Partly sunny.,12.0,11.0,54.0
2020-03-21,4.75,7.75,6.25,Passing clouds.,12.0,15.0,53.0
2020-03-22,5.0,7.75,6.375,Clear.,12.0,19.0,51.0
2020-03-23,4.25,9.5,6.875,Clear.,12.0,23.0,49.0
2020-03-24,3.5,10.0,6.75,Clear.,12.0,27.0,47.0
2020-03-25,2.0,9.0,5.5,Clear.,12.0,31.0,45.0
2020-03-26,4.0,9.0,6.5,Clear.,12.0,35.0,43.0
2020-03-27,5.25,10.0,7.625,Clear.,12.0,39.0,41.0
2020-03-28,6.0,8.25,7.125,Clear.,12.0,43.0,38.0
2020-03-29,4.25,6.0,5.125,Partly sunny.,12.0,47.0,36.0
2020-03-30,4.25,7.5,5.875,Passing clouds.,12.0,51.0,33.0
2020-03-31,4.5,8.75,6.625,Clear.,12.0,55.0,29.0
2020-04-01,2.5,6.75,4.625,Overcast.,12.0,59.0,26.0
2020-04-02,7.5,10.5,9.0,Broken clouds.,13.0,3.0,22.0
2020-04-03,7.25,10.75,9.0,Clear.,13.0,7.0,18.0
2020-04-04,6.25,12.0,9.125,Passing clouds.,13.0,11.0,13.0
2020-04-05,11.0,16.75,13.875,Clear.,13.0,15.0,8.0
2020-04-06,11.75,15.5,13.625,Clear.,13.0,19.0,3.0
2020-04-07,7.75,15.5,11.625,Sunny.,13.0,22.0,57.0
2020-04-08,12.25,17.75,15.0,Sunny.,13.0,26.0,50.0
2020-04-09,11.5,18.0,14.75,Clear.,13.0,30.0,43.0
2020-04-10,12.0,18.5,15.25,Clear.,13.0,34.0,36.0
2020-04-11,12.5,19.25,15.875,Clear.,13.0,38.0,28.0
2020-04-12,11.0,19.0,15.0,Sunny.,13.0,42.0,19.0
2020-04-13,7.75,10.5,9.125,Passing clouds.,13.0,46.0,10.0
2020-04-14,4.75,9.75,7.25,Passing clouds.,13.0,50.0,0.0
2020-04-15,6.25,13.25,9.75,Clear.,13.0,53.0,49.0
2020-04-16,8.75,16.0,12.375,Sunny.,13.0,57.0,38.0
2020-04-17,9.25,12.5,10.875,Sunny.,14.0,1.0,26.0
2020-04-18,7.75,11.75,9.75,Partly sunny.,14.0,5.0,13.0
2020-04-19,9.0,13.75,11.375,Sunny.,14.0,8.0,59.0
2020-04-20,9.75,13.75,11.75,Clear.,14.0,12.0,45.0
2020-04-21,11.25,15.0,13.125,Clear.,14.0,16.0,29.0
2020-04-22,11.25,16.75,14.0,Clear.,14.0,20.0,12.0
2020-04-23,11.75,18.75,15.25,Clear.,14.0,23.0,54.0
2020-04-24,11.25,17.5,14.375,Sunny.,14.0,27.0,35.0
2020-04-25,8.25,13.5,10.875,Clear.,14.0,31.0,15.0
2020-04-26,8.25,15.25,11.75,Clear.,14.0,34.0,53.0
2020-04-27,9.75,14.75,12.25,Partly sunny.,14.0,38.0,31.0
2020-04-28,7.75,8.75,8.25,Drizzle. Partly sunny.,14.0,42.0,6.0
2020-04-29,11.0,12.333333333333334,11.666666666666668,No weather data available,14.0,45.0,41.0
2020-04-30,6.75,10.75,8.75,Broken clouds.,14.0,49.0,13.0
2020-05-01,8.25,12.0,10.125,Passing clouds.,14.0,52.0,44.0
2020-05-02,8.75,13.5,11.125,Passing clouds.,14.0,56.0,13.0
2020-05-03,10.0,13.25,11.625,Overcast.,14.0,59.0,41.0
2020-05-04,11.25,14.75,13.0,Broken clouds.,15.0,3.0,7.0
2020-05-05,9.25,12.25,10.75,Passing clouds.,15.0,6.0,30.0
2020-05-06,8.5,14.5,11.5,Passing clouds.,15.0,9.0,52.0
2020-05-07,11.0,18.0,14.5,Sunny.,15.0,13.0,11.0
2020-05-08,13.0,20.0,16.5,Sunny.,15.0,16.0,29.0
2020-05-09,14.0,20.25,17.125,Sunny.,15.0,19.0,44.0
2020-05-10,9.5,13.5,11.5,Broken clouds.,15.0,22.0,56.0
2020-05-11,6.5,9.75,8.125,Clear.,15.0,26.0,6.0
2020-05-12,6.75,11.5,9.125,Sunny.,15.0,29.0,14.0
2020-05-13,7.25,10.75,9.0,Clear.,15.0,32.0,19.0
2020-05-14,5.75,10.5,8.125,Sunny.,15.0,35.0,21.0
2020-05-15,7.0,13.5,10.25,Sunny.,15.0,38.0,20.0
2020-05-16,9.5,14.25,11.875,Sunny.,15.0,41.0,17.0
2020-05-17,10.25,16.25,13.25,Passing clouds.,15.0,44.0,10.0
2020-05-18,13.75,18.75,16.25,Sunny.,15.0,47.0,0.0
2020-05-19,15.5,20.75,18.125,Sunny.,15.0,49.0,46.0
2020-05-20,16.25,22.75,19.5,Sunny.,15.0,52.0,29.0
2020-05-21,16.5,22.25,19.375,Sunny.,15.0,55.0,9.0
2020-05-22,16.75,19.25,18.0,Overcast.,15.0,57.0,45.0
2020-05-23,12.5,16.25,14.375,Sunny.,16.0,0.0,17.0
2020-05-24,13.25,18.0,15.625,Passing clouds.,16.0,2.0,45.0
2020-05-25,14.25,21.0,17.625,Sunny.,16.0,5.0,9.0
2020-05-26,15.5,21.5,18.5,Sunny.,16.0,7.0,29.0
2020-05-27,16.75,21.75,19.25,Sunny.,16.0,9.0,45.0
2020-05-28,14.25,19.25,16.75,Passing clouds.,16.0,11.0,56.0
2020-05-29,14.75,19.75,17.25,Sunny.,16.0,14.0,3.0
2020-05-30,15.25,20.5,17.875,Sunny.,16.0,16.0,5.0
2020-05-31,15.75,21.0,18.375,Sunny.,16.0,18.0,3.0
2020-06-01,16.0,21.25,18.625,Sunny.,16.0,19.0,55.0
2020-06-02,15.25,21.5,18.375,Sunny.,16.0,21.0,43.0
2020-06-03,13.75,16.75,15.25,Partly sunny.,16.0,23.0,26.0
2020-06-04,11.25,13.5,12.375,Partly sunny.,16.0,25.0,3.0
2020-06-05,10.75,13.75,12.25,Broken clouds.,16.0,26.0,35.0
2020-06-06,8.5,11.5,10.0,Partly sunny.,16.0,28.0,2.0
2020-06-07,10.0,14.25,12.125,Partly sunny.,16.0,29.0,24.0
2020-06-08,12.0,14.5,13.25,Partly sunny.,16.0,30.0,40.0
2020-06-09,12.75,16.75,14.75,Partly sunny.,16.0,31.0,50.0
2020-06-10,12.5,14.75,13.625,Partly sunny.,16.0,32.0,55.0
2020-06-11,13.25,15.75,14.5,Partly sunny.,16.0,33.0,54.0
2020-06-12,15.0,18.0,16.5,Broken clouds.,16.0,34.0,47.0
2020-06-13,16.0,20.25,18.125,Passing clouds.,16.0,35.0,35.0
2020-06-14,15.25,19.25,17.25,Clear.,16.0,36.0,17.0
2020-06-15,13.75,19.75,16.75,Clear.,16.0,36.0,52.0
2020-06-16,15.75,20.5,18.125,Scattered clouds.,16.0,37.0,22.0
2020-06-17,15.0,19.75,17.375,Partly sunny.,16.0,37.0,45.0
2020-06-18,14.5,16.75,15.625,Light rain. Partly sunny.,16.0,38.0,3.0
2020-06-19,14.5,16.25,15.375,Partly sunny.,16.0,38.0,15.0
2020-06-20,14.75,18.75,16.75,Partly sunny.,16.0,38.0,20.0
2020-06-21,15.25,19.25,17.25,Partly sunny.,16.0,38.0,20.0
2020-06-22,14.5,19.25,16.875,Clear.,16.0,38.0,13.0
2020-06-23,17.75,23.75,20.75,Sunny.,16.0,38.0,0.0
2020-06-24,21.0,26.75,23.875,Sunny.,16.0,37.0,41.0
2020-06-25,22.25,28.25,25.25,Sunny.,16.0,37.0,17.0
2020-06-26,20.25,26.5,23.375,Sunny.,16.0,36.0,46.0
2020-06-27,15.75,18.5,17.125,Partly sunny.,16.0,36.0,9.0
2020-06-28,13.0,17.25,15.125,Partly sunny.,16.0,35.0,26.0
2020-06-29,14.0,17.0,15.5,Partly sunny.,16.0,34.0,38.0
2020-06-30,15.0,16.75,15.875,Partly sunny.,16.0,33.0,43.0
2020-07-01,15.75,18.75,17.25,Broken clouds.,16.0,32.0,43.0
2020-07-02,14.0,18.0,16.0,Broken clouds.,16.0,31.0,37.0
2020-07-03,14.5,18.0,16.25,Partly sunny.,16.0,30.0,26.0
2020-07-04,17.0,18.75,17.875,Drizzle. Mostly cloudy.,16.0,29.0,9.0
2020-07-05,16.25,18.75,17.5,Overcast.,16.0,27.0,47.0
2020-07-06,13.5,17.25,15.375,Partly sunny.,16.0,26.0,19.0
2020-07-07,13.5,16.5,15.0,Partly sunny.,16.0,24.0,47.0
2020-07-08,16.0,17.5,16.75,Passing clouds.,16.0,23.0,9.0
2020-07-09,15.75,18.5,17.125,Broken clouds.,16.0,21.0,26.0
2020-07-10,13.5,16.75,15.125,Clear.,16.0,19.0,38.0
2020-07-11,12.25,16.25,14.25,Sunny.,16.0,17.0,45.0
2020-07-12,14.25,19.5,16.875,Sunny.,16.0,15.0,47.0
2020-07-13,15.75,20.25,18.0,Sunny.,16.0,13.0,45.0
2020-07-14,16.25,18.5,17.375,Broken clouds.,16.0,11.0,39.0
2020-07-15,14.75,17.0,15.875,Partly sunny.,16.0,9.0,28.0
2020-07-16,18.0,20.25,19.125,Partly sunny.,16.0,7.0,12.0
2020-07-17,19.0,23.75,21.375,Sunny.,16.0,4.0,53.0
2020-07-18,17.5,21.25,19.375,Broken clouds.,16.0,2.0,29.0
2020-07-19,15.5,18.25,16.875,Drizzle. Partly sunny.,16.0,0.0,2.0
2020-07-20,13.0,18.25,15.625,Sunny.,15.0,57.0,30.0
2020-07-21,13.5,18.25,15.875,Sunny.,15.0,54.0,55.0
2020-07-22,17.0,21.75,19.375,Sunny.,15.0,52.0,17.0
2020-07-23,17.0,21.25,19.125,Sunny.,15.0,49.0,34.0
2020-07-24,18.5,21.0,19.75,Partly sunny.,15.0,46.0,49.0
2020-07-25,16.75,19.75,18.25,Broken clouds.,15.0,44.0,0.0
2020-07-26,14.5,18.5,16.5,Partly sunny.,15.0,41.0,8.0
2020-07-27,16.25,18.75,17.5,Drizzle. Mostly cloudy.,15.0,38.0,14.0
2020-07-28,14.0,18.25,16.125,Scattered clouds.,15.0,35.0,16.0
2020-07-29,14.0,19.5,16.75,Sunny.,15.0,32.0,15.0
2020-07-30,17.5,24.5,21.0,Sunny.,15.0,29.0,12.0
2020-07-31,21.25,28.75,25.0,Sunny.,15.0,26.0,6.0
2020-08-01,18.25,23.25,20.75,Clear.,15.0,22.0,58.0
2020-08-02,15.5,20.5,18.0,Passing clouds.,15.0,19.0,47.0
2020-08-03,15.5,19.75,17.625,Overcast.,15.0,16.0,34.0
2020-08-04,14.25,19.25,16.75,Sunny.,15.0,13.0,19.0
2020-08-05,18.75,21.5,20.125,Passing clouds.,15.0,10.0,1.0
2020-08-06,20.0,24.75,22.375,Passing clouds.,15.0,6.0,42.0
2020-08-07,20.75,29.0,24.875,Sunny.,15.0,3.0,21.0
2020-08-08,22.5,26.75,24.625,Sunny.,14.0,59.0,58.0
2020-08-09,21.25,26.75,24.0,Passing clouds.,14.0,56.0,33.0
2020-08-10,22.75,29.25,26.0,Sunny.,14.0,53.0,6.0
2020-08-11,24.0,29.75,26.875,Passing clouds.,14.0,49.0,38.0
2020-08-12,22.75,28.5,25.625,Passing clouds.,14.0,46.0,8.0
2020-08-13,20.25,24.75,22.5,Broken clouds.,14.0,42.0,36.0
2020-08-14,17.5,18.5,18.0,Low clouds.,14.0,39.0,3.0
2020-08-15,17.75,18.75,18.25,Low clouds.,14.0,35.0,29.0
2020-08-16,19.25,22.25,20.75,Partly sunny.,14.0,31.0,54.0
2020-08-17,16.0,19.75,17.875,Broken clouds.,14.0,28.0,17.0
2020-08-18,16.5,21.25,18.875,Broken clouds.,14.0,24.0,39.0
2020-08-19,17.5,18.75,18.125,Clear.,14.0,21.0,0.0
2020-08-20,18.0,22.5,20.25,Scattered clouds.,14.0,17.0,20.0
2020-08-21,19.25,21.0,20.125,Broken clouds.,14.0,13.0,39.0
2020-08-22,16.75,20.0,18.375,Passing clouds.,14.0,9.0,57.0
2020-08-23,16.0,19.0,17.5,Broken clouds.,14.0,6.0,14.0
2020-08-24,15.75,18.5,17.125,Passing clouds.,14.0,2.0,30.0
2020-08-25,16.75,18.75,17.75,Drizzle. Broken clouds.,13.0,58.0,45.0
2020-08-26,16.5,19.75,18.125,Partly sunny.,13.0,55.0,0.0
2020-08-27,13.75,16.25,15.0,Broken clouds.,13.0,51.0,14.0
2020-08-28,13.0,16.25,14.625,Partly sunny.,13.0,47.0,27.0
2020-08-29,12.25,13.25,12.75,Partly sunny.,13.0,43.0,40.0
2020-08-30,12.75,15.0,13.875,Overcast.,13.0,39.0,52.0
2020-08-31,9.75,15.0,12.375,Sunny.,13.0,36.0,3.0
2020-09-01,10.25,16.0,13.125,Clear.,13.0,32.0,14.0
2020-09-02,11.5,16.25,13.875,Clear.,13.0,28.0,25.0
2020-09-03,16.75,19.5,18.125,Low clouds.,13.0,24.0,35.0
2020-09-04,14.0,17.25,15.625,Overcast.,13.0,20.0,44.0
2020-09-05,11.25,16.0,13.625,Clear.,13.0,16.0,53.0
2020-09-06,12.0,16.0,14.0,Clear.,13.0,13.0,2.0
2020-09-07,13.5,17.25,15.375,Clear.,13.0,9.0,11.0
2020-09-08,18.0,21.25,19.625,Low clouds.,13.0,5.0,19.0
2020-09-09,15.0,19.5,17.25,Clear.,13.0,1.0,26.0
2020-09-10,11.25,15.5,13.375,Sunny.,12.0,57.0,33.0
2020-09-11,11.5,15.5,13.5,Partly sunny.,12.0,53.0,41.0
2020-09-12,15.25,18.5,16.875,Clear.,12.0,49.0,47.0
2020-09-13,15.25,20.75,18.0,Clear.,12.0,45.0,54.0
2020-09-14,15.75,23.25,19.5,Clear.,12.0,42.0,0.0
2020-09-15,18.25,23.75,21.0,Sunny.,12.0,38.0,6.0
2020-09-16,18.5,22.25,20.375,Overcast.,12.0,34.0,12.0
2020-09-17,14.25,18.75,16.5,Passing clouds.,12.0,30.0,18.0
2020-09-18,13.25,17.5,15.375,Clear.,12.0,26.0,23.0
2020-09-19,15.75,20.0,17.875,Sunny.,12.0,22.0,29.0
2020-09-20,16.25,20.5,18.375,Clear.,12.0,18.0,34.0
2020-09-21,15.5,19.75,17.625,Low clouds.,12.0,14.0,39.0
2020-09-22,15.0,19.75,17.375,Sunny.,12.0,10.0,44.0
2020-09-23,14.0,16.5,15.25,Partly cloudy.,12.0,6.0,50.0
2020-09-24,8.5,12.5,10.5,Broken clouds.,12.0,2.0,55.0
2020-09-25,9.25,11.75,10.5,Clear.,11.0,59.0,0.0
2020-09-26,9.0,11.25,10.125,Clear.,11.0,55.0,5.0
2020-09-27,11.25,13.0,12.125,Broken clouds.,11.0,51.0,10.0
2020-09-28,11.75,14.25,13.0,Passing clouds.,11.0,47.0,16.0
2020-09-29,14.75,16.25,15.5,Passing clouds.,11.0,43.0,21.0
2020-09-30,12.25,15.25,13.75,Light rain. Partly sunny.,11.0,39.0,27.0
2020-10-01,11.5,13.5,12.5,Passing clouds.,11.0,35.0,32.0
2020-10-02,11.75,12.75,12.25,Passing clouds.,11.0,31.0,38.0
2020-10-03,12.5,14.25,13.375,Heavy rain. Partly sunny.,11.0,27.0,44.0
2020-10-04,9.25,10.5,9.875,Drizzle. Mostly cloudy.,11.0,23.0,50.0
2020-10-05,11.0,14.0,12.5,Light rain. Broken clouds.,11.0,19.0,56.0
2020-10-06,12.0,14.25,13.125,Partly cloudy.,11.0,16.0,3.0
2020-10-07,10.5,13.5,12.0,Clear.,11.0,12.0,10.0
2020-10-08,11.75,16.0,13.875,Clear.,11.0,8.0,17.0
2020-10-09,6.75,11.0,8.875,Clear.,11.0,4.0,24.0
2020-10-10,8.0,10.5,9.25,Clear.,11.0,0.0,32.0
2020-10-11,8.75,11.25,10.0,Scattered clouds.,10.0,56.0,39.0
2020-10-12,8.0,10.25,9.125,Broken clouds.,10.0,52.0,48.0
2020-10-13,8.0,10.5,9.25,Partly sunny.,10.0,48.0,56.0
2020-10-14,9.25,11.75,10.5,Passing clouds.,10.0,45.0,6.0
2020-10-15,8.75,10.75,9.75,Clear.,10.0,41.0,15.0
2020-10-16,9.5,11.0,10.25,Overcast.,10.0,37.0,25.0
2020-10-17,9.5,10.75,10.125,Broken clouds.,10.0,33.0,36.0
2020-10-18,9.25,11.0,10.125,Overcast.,10.0,29.0,47.0
2020-10-19,10.5,13.25,11.875,Broken clouds.,10.0,25.0,59.0
2020-10-20,14.0,16.0,15.0,Overcast.,10.0,22.0,12.0
2020-10-21,13.5,15.0,14.25,Light rain. Partly sunny.,10.0,18.0,26.0
2020-10-22,12.25,13.75,13.0,Passing clouds.,10.0,14.0,40.0
2020-10-23,10.75,13.75,12.25,Passing clouds.,10.0,10.0,55.0
2020-10-24,10.5,13.75,12.125,Passing clouds.,10.0,7.0,11.0
2020-10-25,8.5,11.0,9.75,Passing clouds.,10.0,3.0,28.0
2020-10-26,7.25,10.75,9.0,Clear.,9.0,59.0,46.0
2020-10-27,8.0,10.75,9.375,Clear.,9.0,56.0,6.0
2020-10-28,7.5,10.75,9.125,Broken clouds.,9.0,52.0,26.0
2020-10-29,11.25,12.5,11.875,Drizzle. Mostly cloudy.,9.0,48.0,48.0
2020-10-30,14.75,15.5,15.125,Passing clouds.,9.0,45.0,11.0
2020-10-31,12.25,13.5,12.875,Broken clouds.,9.0,41.0,35.0
2020-11-01,13.5,15.75,14.625,Passing clouds.,9.0,38.0,1.0
2020-11-02,11.75,14.5,13.125,Partly sunny.,9.0,34.0,28.0
2020-11-03,6.0,8.75,7.375,Broken clouds.,9.0,30.0,57.0
2020-11-04,2.0,6.75,4.375,Clear.,9.0,27.0,28.0
2020-11-05,1.75,5.0,3.375,Passing clouds.,9.0,24.0,0.0
2020-11-06,4.0,8.5,6.25,Clear.,9.0,20.0,35.0
2020-11-07,6.75,11.5,9.125,Sunny.,9.0,17.0,11.0
2020-11-08,11.0,13.0,12.0,Fog.,9.0,13.0,49.0
2020-11-09,11.0,14.0,12.5,Fog.,9.0,10.0,30.0
2020-11-10,9.5,13.5,11.5,Passing clouds.,9.0,7.0,12.0
2020-11-11,10.5,12.25,11.375,Broken clouds.,9.0,3.0,57.0
2020-11-12,9.75,11.75,10.75,Passing clouds.,9.0,0.0,45.0
2020-11-13,9.75,11.5,10.625,Broken clouds.,8.0,57.0,35.0
2020-11-14,11.75,13.25,12.5,Broken clouds.,8.0,54.0,28.0
2020-11-15,9.5,11.25,10.375,Clear.,8.0,51.0,23.0
2020-11-16,10.0,11.75,10.875,Broken clouds.,8.0,48.0,22.0
2020-11-17,12.25,13.5,12.875,Mostly cloudy.,8.0,45.0,23.0
2020-11-18,10.25,13.5,11.875,Clear.,8.0,42.0,28.0
2020-11-19,6.25,8.75,7.5,Passing clouds.,8.0,39.0,36.0
2020-11-20,4.75,7.5,6.125,Passing clouds.,8.0,36.0,48.0
2020-11-21,11.0,11.25,11.125,Overcast.,8.0,34.0,3.0
2020-11-22,6.0,9.5,7.75,Passing clouds.,8.0,31.0,22.0
2020-11-23,4.25,7.0,5.625,Fog.,8.0,28.0,45.0
2020-11-24,9.5,11.25,10.375,Broken clouds.,8.0,26.0,11.0
2020-11-25,7.75,11.0,9.375,Broken clouds.,8.0,23.0,42.0
2020-11-26,3.0,6.25,4.625,Sunny.,8.0,21.0,17.0
2020-11-27,1.25,3.75,2.5,Fog.,8.0,18.0,57.0
2020-11-28,8.0,9.0,8.5,Low clouds.,8.0,16.0,41.0
2020-11-29,7.0,7.75,7.375,Low clouds.,8.0,14.0,29.0
2020-11-30,5.0,7.75,6.375,Fog.,8.0,12.0,23.0
2020-12-01,2.5,5.75,4.125,Passing clouds.,8.0,10.0,21.0
2020-12-02,3.75,5.5,4.625,Overcast.,8.0,8.0,24.0
2020-12-03,4.5,5.75,5.125,Drizzle. Mostly cloudy.,8.0,6.0,33.0
2020-12-04,3.75,4.75,4.25,Clear.,8.0,4.0,47.0
2020-12-05,3.75,6.75,5.25,Passing clouds.,8.0,3.0,6.0
2020-12-06,1.5,3.0,2.25,Passing clouds.,8.0,1.0,30.0
2020-12-07,0.5,1.25,0.875,Fog.,8.0,0.0,1.0
2020-12-08,-0.5,2.5,1.0,Ice fog.,7.0,58.0,37.0
2020-12-09,4.75,6.0,5.375,Clear.,7.0,57.0,18.0
2020-12-10,6.75,7.0,6.875,Mostly cloudy.,7.0,56.0,6.0
2020-12-11,7.0,9.25,8.125,Fog.,7.0,55.0,0.0
2020-12-12,5.75,8.0,6.875,Partly sunny.,7.0,53.0,59.0
2020-12-13,5.75,8.0,6.875,Light rain. Mostly cloudy.,7.0,53.0,5.0
2020-12-14,9.25,11.75,10.5,Passing clouds.,7.0,52.0,17.0
2020-12-15,7.75,10.0,8.875,Passing clouds.,7.0,51.0,36.0
2020-12-16,8.0,9.75,8.875,Passing clouds.,7.0,51.0,1.0
2020-12-17,7.5,10.5,9.0,Passing clouds.,7.0,50.0,32.0
2020-12-18,11.0,11.5,11.25,Drizzle. Mostly cloudy.,7.0,50.0,10.0
2020-12-19,8.75,10.75,9.75,Broken clouds.,7.0,49.0,54.0
2020-12-20,6.5,9.0,7.75,Passing clouds.,7.0,49.0,45.0
2020-12-21,10.5,12.0,11.25,Passing clouds.,7.0,49.0,42.0
2020-12-22,10.25,11.25,10.75,Partly sunny.,7.0,49.0,46.0
2020-12-23,9.75,12.0,10.875,Partly sunny.,7.0,49.0,56.0
2020-12-24,3.75,5.25,4.5,Passing clouds.,7.0,50.0,13.0
2020-12-25,0.25,3.0,1.625,Passing clouds.,7.0,50.0,36.0
2020-12-26,5.0,8.0,6.5,Overcast.,7.0,51.0,6.0
2020-12-27,4.0,6.75,5.375,Passing clouds.,7.0,51.0,43.0
2020-12-28,-0.25,2.0,0.875,Low clouds.,7.0,52.0,25.0
2020-12-29,1.5,3.0,2.25,Low clouds.,7.0,53.0,14.0
2020-12-30,-0.75,2.5,0.875,Broken clouds.,7.0,54.0,9.0
2020-12-31,-1.5,0.5,-0.5,Partly sunny.,7.0,55.0,11.0
2021-01-01,0.75,2.0,1.375,Low clouds.,7.0,56.0,19.0
2021-01-02,2.25,3.75,3.0,Low clouds.,7.0,57.0,32.0
2021-01-03,3.0,4.25,3.625,Broken clouds.,7.0,58.0,52.0
2021-01-04,3.0,4.5,3.75,Partly sunny.,8.0,0.0,17.0
2021-01-05,2.75,4.0,3.375,Passing clouds.,8.0,1.0,48.0
2021-01-06,1.75,3.75,2.75,Passing clouds.,8.0,3.0,25.0
2021-01-07,-0.75,1.25,0.25,Passing clouds.,8.0,5.0,8.0
2021-01-08,-0.25,1.0,0.375,Low clouds.,8.0,6.0,56.0
2021-01-09,-1.0,0.5,-0.25,Ice fog.,8.0,8.0,49.0
2021-01-10,0.5,1.75,1.125,Overcast.,8.0,10.0,48.0
2021-01-11,6.25,7.5,6.875,Broken clouds.,8.0,12.0,51.0
2021-01-12,4.75,6.75,5.75,Broken clouds.,8.0,15.0,0.0
2021-01-13,4.75,7.25,6.0,Drizzle. Cloudy.,8.0,17.0,13.0
2021-01-14,4.25,5.75,5.0,Drizzle. Partly sunny.,8.0,19.0,31.0
2021-01-15,-0.5,2.5,1.0,Partly sunny.,8.0,21.0,54.0
2021-01-16,3.5,6.25,4.875,Drizzle. More clouds than sun.,8.0,24.0,21.0
2021-01-17,4.0,6.25,5.125,Overcast.,8.0,26.0,52.0
2021-01-18,4.0,6.5,5.25,Partly sunny.,8.0,29.0,28.0
2021-01-19,10.25,11.25,10.75,Drizzle. Mostly cloudy.,8.0,32.0,7.0
2021-01-20,9.0,10.25,9.625,Passing clouds.,8.0,34.0,51.0
2021-01-21,4.75,7.0,5.875,Overcast.,8.0,37.0,38.0
2021-01-22,2.0,5.25,3.625,Clear.,8.0,40.0,29.0
2021-01-23,-0.75,2.25,0.75,Clear.,8.0,43.0,23.0
2021-01-24,-1.0,0.0,-0.5,Passing clouds.,8.0,46.0,21.0
2021-01-25,-1.5,2.75,0.625,Clear.,8.0,49.0,21.0
2021-01-26,1.5,3.5,2.5,Overcast.,8.0,52.0,26.0
2021-01-27,7.75,8.75,8.25,Fog.,8.0,55.0,33.0
2021-01-28,10.25,11.75,11.0,Partly sunny.,8.0,58.0,42.0
2021-01-29,8.5,9.75,9.125,Broken clouds.,9.0,1.0,55.0
2021-01-30,4.0,5.25,4.625,Passing clouds.,9.0,5.0,10.0
2021-01-31,1.75,3.25,2.5,Overcast.,9.0,8.0,28.0
2021-02-01,3.0,3.75,3.375,Low clouds.,9.0,11.0,48.0
2021-02-02,8.0,10.5,9.25,Broken clouds.,9.0,15.0,11.0
2021-02-03,7.25,9.5,8.375,Partly sunny.,9.0,18.0,36.0
2021-02-04,3.25,7.75,5.5,Clear.,9.0,22.0,2.0
2021-02-05,6.25,8.75,7.5,Passing clouds.,9.0,25.0,31.0
2021-02-06,4.5,7.0,5.75,Broken clouds.,9.0,29.0,2.0
2021-02-07,1.0,2.5,1.75,Light snow. Partly sunny.,9.0,32.0,35.0
2021-02-08,-1.5,-1.0,-1.25,Light snow. Partly sunny.,9.0,36.0,9.0
2021-02-09,-0.5,-0.25,-0.375,Passing clouds.,9.0,39.0,45.0
2021-02-10,-2.0,1.0,-0.5,Passing clouds.,9.0,43.0,23.0
2021-02-11,-2.0,0.25,-0.875,Partly sunny.,9.0,47.0,2.0
2021-02-12,-1.25,0.25,-0.5,Overcast.,9.0,50.0,43.0
2021-02-13,-1.75,0.5,-0.625,Sunny.,9.0,54.0,25.0
2021-02-14,2.25,3.25,2.75,More clouds than sun.,9.0,58.0,8.0
2021-02-15,7.5,9.75,8.625,Drizzle. Partly sunny.,10.0,1.0,52.0
2021-02-16,8.75,10.0,9.375,Passing clouds.,10.0,5.0,37.0
2021-02-17,8.75,10.25,9.5,Passing clouds.,10.0,9.0,24.0
2021-02-18,7.0,9.0,8.0,Passing clouds.,10.0,13.0,11.0
2021-02-19,7.5,9.5,8.5,Passing clouds.,10.0,17.0,0.0
2021-02-20,12.25,13.75,13.0,Passing clouds.,10.0,20.0,49.0
2021-02-21,9.5,12.75,11.125,Overcast.,10.0,24.0,39.0
2021-02-22,7.5,9.25,8.375,Passing clouds.,10.0,28.0,30.0
2021-02-23,9.5,12.0,10.75,Sunny.,10.0,32.0,21.0
2021-02-24,12.25,14.0,13.125,Passing clouds.,10.0,36.0,14.0
2021-02-25,8.0,11.5,9.75,Clear.,10.0,40.0,6.0
2021-02-26,2.0,8.25,5.125,Clear.,10.0,44.0,0.0
2021-02-27,2.75,8.75,5.75,Clear.,10.0,47.0,54.0
2021-02-28,3.5,6.5,5.0,Clear.,10.0,51.0,48.0
2021-03-01,4.75,7.0,5.875,Passing clouds.,10.0,55.0,43.0
2021-03-02,4.25,6.25,5.25,Haze.,10.0,59.0,38.0
2021-03-03,4.75,6.75,5.75,Fog.,11.0,3.0,34.0
2021-03-04,4.25,5.5,4.875,Low clouds.,11.0,7.0,30.0
2021-03-05,2.5,5.0,3.75,Partly sunny.,11.0,11.0,27.0
2021-03-06,2.25,4.75,3.5,Overcast.,11.0,15.0,23.0
2021-03-07,1.75,3.5,2.625,Overcast.,11.0,19.0,20.0
2021-03-08,4.0,6.75,5.375,Broken clouds.,11.0,23.0,18.0
2021-03-09,4.25,9.5,6.875,Clear.,11.0,27.0,15.0
2021-03-10,7.25,8.5,7.875,Light rain. Mostly cloudy.,11.0,31.0,13.0
2021-03-11,8.0,10.0,9.0,Passing clouds.,11.0,35.0,11.0
2021-03-12,6.5,8.5,7.5,Passing clouds.,11.0,39.0,9.0
2021-03-13,5.0,7.75,6.375,Clear.,11.0,43.0,8.0
2021-03-14,6.5,8.75,7.625,Passing clouds.,11.0,47.0,6.0
2021-03-15,7.75,10.5,9.125,Passing clouds.,11.0,51.0,4.0
2021-03-16,8.75,11.5,10.125,Passing clouds.,11.0,55.0,3.0
2021-03-17,4.75,8.5,6.625,Clear.,11.0,59.0,1.0
2021-03-18,6.25,8.5,7.375,Light rain. Broken clouds.,12.0,3.0,0.0
2021-03-19,6.5,9.25,7.875,Passing clouds.,12.0,6.0,58.0
2021-03-20,6.0,8.75,7.375,Passing clouds.,12.0,10.0,57.0
2021-03-21,6.75,9.5,8.125,Partly sunny.,12.0,14.0,55.0
2021-03-22,5.25,9.5,7.375,Passing clouds.,12.0,18.0,53.0
2021-03-23,4.5,9.0,6.75,Passing clouds.,12.0,22.0,52.0
2021-03-24,6.0,10.5,8.25,Partly sunny.,12.0,26.0,50.0
2021-03-25,6.75,10.75,8.75,Broken clouds.,12.0,30.0,48.0
2021-03-26,7.75,10.25,9.0,Passing clouds.,12.0,34.0,45.0
2021-03-27,6.0,9.0,7.5,Partly cloudy.,12.0,38.0,43.0
2021-03-28,10.25,11.75,11.0,Partly sunny.,12.0,42.0,40.0
2021-03-29,10.5,15.5,13.0,Overcast.,12.0,46.0,37.0
2021-03-30,8.5,17.75,13.125,Clear.,12.0,50.0,34.0
2021-03-31,10.75,16.75,13.75,Sunny.,12.0,54.0,31.0
2021-04-01,8.25,12.5,10.375,Passing clouds.,12.0,58.0,27.0
2021-04-02,5.75,8.25,7.0,Overcast.,13.0,2.0,23.0
2021-04-03,6.25,7.75,7.0,Partly sunny.,13.0,6.0,19.0
2021-04-04,5.5,11.0,8.25,Clear.,13.0,10.0,15.0
2021-04-05,4.0,7.25,5.625,Broken clouds.,13.0,14.0,10.0
2021-04-06,0.5,4.75,2.625,Clear.,13.0,18.0,5.0
2021-04-07,1.25,4.0,2.625,Sunny.,13.0,21.0,59.0
2021-04-08,6.5,9.25,7.875,Broken clouds.,13.0,25.0,53.0
2021-04-09,6.75,10.5,8.625,Broken clouds.,13.0,29.0,46.0
2021-04-10,5.5,7.25,6.375,Broken clouds.,13.0,33.0,39.0
2021-04-11,1.25,5.75,3.5,Passing clouds.,13.0,37.0,31.0
2021-04-12,1.25,6.25,3.75,Clear.,13.0,41.0,23.0
2021-04-13,2.25,8.0,5.125,Sunny.,13.0,45.0,14.0
2021-04-14,4.25,9.25,6.75,Sunny.,13.0,49.0,5.0
2021-04-15,3.5,8.25,5.875,Clear.,13.0,52.0,54.0
2021-04-16,3.0,8.5,5.75,Clear.,13.0,56.0,43.0
2021-04-17,3.75,9.25,6.5,Sunny.,14.0,0.0,31.0
2021-04-18,4.0,11.5,7.75,Sunny.,14.0,4.0,19.0
2021-04-19,6.0,13.25,9.625,Clear.,14.0,8.0,5.0
2021-04-20,6.75,13.75,10.25,Sunny.,14.0,11.0,51.0
2021-04-21,6.75,11.25,9.0,Overcast.,14.0,15.0,35.0
2021-04-22,6.25,11.0,8.625,Clear.,14.0,19.0,18.0
2021-04-23,6.25,12.25,9.25,Clear.,14.0,23.0,1.0
2021-04-24,6.75,13.0,9.875,Clear.,14.0,26.0,42.0
2021-04-25,7.0,10.75,8.875,Passing clouds.,14.0,30.0,22.0
2021-04-26,6.0,10.0,8.0,Clear.,14.0,34.0,0.0
2021-04-27,6.0,11.5,8.75,Sunny.,14.0,37.0,38.0
2021-04-28,6.75,10.5,8.625,Light rain. Broken clouds.,14.0,41.0,13.0
2021-04-29,5.5,9.0,7.25,Partly sunny.,14.0,44.0,48.0
2021-04-30,5.25,9.5,7.375,Broken clouds.,14.0,48.0,21.0
2021-05-01,5.5,9.25,7.375,Clear.,14.0,51.0,52.0
2021-05-02,6.75,11.0,8.875,Sunny.,14.0,55.0,22.0
2021-05-03,7.75,11.0,9.375,More clouds than sun.,14.0,58.0,50.0
2021-05-04,7.75,11.75,9.75,Passing clouds.,15.0,2.0,16.0
2021-05-05,3.75,9.25,6.5,Partly sunny.,15.0,5.0,40.0
2021-05-06,4.0,8.75,6.375,Broken clouds.,15.0,9.0,3.0
2021-05-07,7.25,11.5,9.375,Passing clouds.,15.0,12.0,23.0
2021-05-08,10.25,13.25,11.75,Broken clouds.,15.0,15.0,41.0
2021-05-09,14.5,18.0,16.25,Broken clouds.,15.0,18.0,57.0
2021-05-10,11.0,14.75,12.875,Passing clouds.,15.0,22.0,10.0
2021-05-11,10.0,13.75,11.875,Broken clouds.,15.0,25.0,21.0
2021-05-12,11.0,14.25,12.625,Partly sunny.,15.0,28.0,29.0
2021-05-13,10.0,12.25,11.125,Passing clouds.,15.0,31.0,35.0
2021-05-14,9.0,11.0,10.0,Passing clouds.,15.0,34.0,38.0
2021-05-15,9.5,12.5,11.0,Partly sunny.,15.0,37.0,38.0
2021-05-16,9.25,12.25,10.75,Broken clouds.,15.0,40.0,35.0
2021-05-17,9.75,13.25,11.5,Passing clouds.,15.0,43.0,29.0
2021-05-18,9.25,13.25,11.25,Broken clouds.,15.0,46.0,20.0
2021-05-19,10.25,14.25,12.25,Passing clouds.,15.0,49.0,7.0
2021-05-20,9.25,12.5,10.875,Broken clouds.,15.0,51.0,51.0
2021-05-21,10.75,11.75,11.25,Partly sunny.,15.0,54.0,31.0
2021-05-22,9.0,12.5,10.75,Passing clouds.,15.0,57.0,8.0
2021-05-23,7.75,11.0,9.375,Light rain. Partly sunny.,15.0,59.0,41.0
2021-05-24,8.75,11.5,10.125,Scattered clouds.,16.0,2.0,10.0
2021-05-25,8.75,12.0,10.375,Partly sunny.,16.0,4.0,35.0
2021-05-26,9.75,12.5,11.125,Sunny.,16.0,6.0,56.0
2021-05-27,11.25,16.75,14.0,Sunny.,16.0,9.0,13.0
2021-05-28,13.0,16.5,14.75,Sunny.,16.0,11.0,25.0
2021-05-29,14.25,18.75,16.5,Sunny.,16.0,13.0,33.0
2021-05-30,10.75,16.5,13.625,Clear.,16.0,15.0,36.0
2021-05-31,13.25,19.25,16.25,Clear.,16.0,17.0,34.0
2021-06-01,16.25,21.75,19.0,Sunny.,16.0,19.0,28.0
2021-06-02,17.5,23.25,20.375,Sunny.,16.0,21.0,17.0
2021-06-03,17.25,20.5,18.875,Scattered clouds.,16.0,23.0,1.0
2021-06-04,14.0,15.0,14.5,Broken clouds.,16.0,24.0,40.0
2021-06-05,14.5,19.5,17.0,Sunny.,16.0,26.0,14.0
2021-06-06,15.5,20.0,17.75,Clear.,16.0,27.0,42.0
2021-06-07,16.5,20.25,18.375,Partly sunny.,16.0,29.0,5.0
2021-06-08,16.0,21.0,18.5,Sunny.,16.0,30.0,23.0
2021-06-09,16.75,21.25,19.0,Sunny.,16.0,31.0,34.0
2021-06-10,17.75,21.0,19.375,Partly sunny.,16.0,32.0,41.0
2021-06-11,18.25,21.0,19.625,Broken clouds.,16.0,33.0,41.0
2021-06-12,16.5,20.75,18.625,Passing clouds.,16.0,34.0,36.0
2021-06-13,17.75,23.75,20.75,Clear.,16.0,35.0,25.0
2021-06-14,18.75,23.25,21.0,Sunny.,16.0,36.0,8.0
2021-06-15,18.0,22.75,20.375,Partly sunny.,16.0,36.0,45.0
2021-06-16,19.25,23.75,21.5,Light rain. Broken clouds.,16.0,37.0,16.0
2021-06-17,18.25,20.0,19.125,Partly sunny.,16.0,37.0,41.0
2021-06-18,13.75,15.0,14.375,Light rain. Mostly cloudy.,16.0,38.0,0.0
2021-06-19,13.0,14.0,13.5,Partly sunny.,16.0,38.0,13.0
2021-06-20,14.0,15.5,14.75,Partly sunny.,16.0,38.0,20.0
2021-06-21,12.25,13.5,12.875,Overcast.,16.0,38.0,21.0
2021-06-22,11.75,15.5,13.625,Broken clouds.,16.0,38.0,16.0
2021-06-23,11.75,17.5,14.625,Sunny.,16.0,38.0,4.0
2021-06-24,13.5,17.25,15.375,Partly sunny.,16.0,37.0,47.0
2021-06-25,15.75,18.75,17.25,Broken clouds.,16.0,37.0,24.0
2021-06-26,16.5,20.25,18.375,Passing clouds.,16.0,36.0,54.0
2021-06-27,16.25,18.5,17.375,Mostly cloudy.,16.0,36.0,19.0
2021-06-28,15.5,17.25,16.375,Broken clouds.,16.0,35.0,38.0
2021-06-29,14.75,16.75,15.75,Partly sunny.,16.0,34.0,51.0
2021-06-30,14.0,16.0,15.0,Partly sunny.,16.0,33.0,58.0
2021-07-01,14.75,18.75,16.75,Partly sunny.,16.0,32.0,59.0
2021-07-02,17.0,20.75,18.875,Partly sunny.,16.0,31.0,55.0
2021-07-03,17.5,20.25,18.875,Mostly cloudy.,16.0,30.0,45.0
2021-07-04,15.75,18.0,16.875,Broken clouds.,16.0,29.0,29.0
2021-07-05,15.0,18.75,16.875,Light rain. Partly sunny.,16.0,28.0,8.0
2021-07-06,13.5,17.5,15.5,Partly sunny.,16.0,26.0,42.0
2021-07-07,15.25,18.5,16.875,Broken clouds.,16.0,25.0,11.0
2021-07-08,15.5,19.25,17.375,Partly sunny.,16.0,23.0,34.0
2021-07-09,17.25,20.5,18.875,Broken clouds.,16.0,21.0,52.0
2021-07-10,14.25,17.0,15.625,Broken clouds.,16.0,20.0,5.0
2021-07-11,14.25,18.5,16.375,Clear.,16.0,18.0,14.0
2021-07-12,15.5,18.5,17.0,More clouds than sun.,16.0,16.0,17.0
2021-07-13,17.0,19.75,18.375,Partly sunny.,16.0,14.0,16.0
2021-07-14,17.0,21.5,19.25,Scattered clouds.,16.0,12.0,10.0
2021-07-15,16.25,19.25,17.75,Partly sunny.,16.0,10.0,0.0
2021-07-16,16.25,22.25,19.25,Sunny.,16.0,7.0,46.0
2021-07-17,18.75,24.5,21.625,Sunny.,16.0,5.0,27.0
2021-07-18,20.5,26.5,23.5,Sunny.,16.0,3.0,5.0
2021-07-19,21.25,27.0,24.125,Mild.,16.0,0.0,38.0
2021-07-20,21.75,26.75,24.25,Sunny.,15.0,58.0,8.0
2021-07-21,21.5,26.5,24.0,Sunny.,15.0,55.0,33.0
2021-07-22,20.75,25.75,23.25,Sunny.,15.0,52.0,56.0
2021-07-23,17.75,21.25,19.5,Partly sunny.,15.0,50.0,14.0
2021-07-24,16.75,20.0,18.375,Broken clouds.,15.0,47.0,30.0
2021-07-25,17.5,19.5,18.5,Broken clouds.,15.0,44.0,42.0
2021-07-26,18.5,22.5,20.5,Passing clouds.,15.0,41.0,51.0
2021-07-27,17.25,20.75,19.0,Broken clouds.,15.0,38.0,57.0
2021-07-28,15.75,18.0,16.875,Broken clouds.,15.0,36.0,0.0
2021-07-29,15.25,18.5,16.875,Sunny.,15.0,33.0,0.0
2021-07-30,15.0,17.0,16.0,Partly sunny.,15.0,29.0,58.0
2021-07-31,15.0,18.0,16.5,Broken clouds.,15.0,26.0,52.0
2021-08-01,15.25,18.25,16.75,Partly sunny.,15.0,23.0,45.0
2021-08-02,15.0,17.75,16.375,Broken clouds.,15.0,20.0,34.0
2021-08-03,13.75,18.0,15.875,Partly sunny.,15.0,17.0,22.0
2021-08-04,14.5,19.25,16.875,Broken clouds.,15.0,14.0,7.0
2021-08-05,15.0,18.0,16.5,Broken clouds.,15.0,10.0,50.0
2021-08-06,15.5,18.25,16.875,Broken clouds.,15.0,7.0,31.0
2021-08-07,14.75,17.25,16.0,Passing clouds.,15.0,4.0,10.0
2021-08-08,14.25,17.0,15.625,Broken clouds.,15.0,0.0,47.0
2021-08-09,14.0,17.5,15.75,Broken clouds.,14.0,57.0,23.0
2021-08-10,15.75,19.5,17.625,Fog.,14.0,53.0,56.0
2021-08-11,15.75,20.75,18.25,Passing clouds.,14.0,50.0,28.0
2021-08-12,16.75,20.25,18.5,Broken clouds.,14.0,46.0,58.0
2021-08-13,15.75,19.0,17.375,Partly sunny.,14.0,43.0,27.0
2021-08-14,16.75,21.25,19.0,Partly sunny.,14.0,39.0,55.0
2021-08-15,16.5,19.75,18.125,Broken clouds.,14.0,36.0,21.0
2021-08-16,13.25,17.75,15.5,Broken clouds.,14.0,32.0,45.0
2021-08-17,14.5,16.5,15.5,Partly sunny.,14.0,29.0,9.0
2021-08-18,17.0,20.5,18.75,Partly sunny.,14.0,25.0,31.0
2021-08-19,16.0,18.75,17.375,Broken clouds.,14.0,21.0,53.0
2021-08-20,16.25,19.0,17.625,Partly sunny.,14.0,18.0,13.0
2021-08-21,16.5,18.75,17.625,Passing clouds.,14.0,14.0,32.0
2021-08-22,16.75,19.25,18.0,Broken clouds.,14.0,10.0,51.0
2021-08-23,15.75,19.0,17.375,Passing clouds.,14.0,7.0,8.0
2021-08-24,15.25,19.75,17.5,Passing clouds.,14.0,3.0,25.0
2021-08-25,15.75,18.5,17.125,Passing clouds.,13.0,59.0,40.0
2021-08-26,16.0,17.5,16.75,Partly sunny.,13.0,55.0,55.0
2021-08-27,13.5,17.25,15.375,Clear.,13.0,52.0,9.0
2021-08-28,13.25,17.75,15.5,Partly sunny.,13.0,48.0,23.0
2021-08-29,12.5,16.25,14.375,Partly sunny.,13.0,44.0,36.0
2021-08-30,14.5,16.25,15.375,More clouds than sun.,13.0,40.0,48.0
2021-08-31,15.0,16.5,15.75,More clouds than sun.,13.0,37.0,0.0
2021-09-01,14.75,17.0,15.875,Overcast.,13.0,33.0,11.0
2021-09-02,16.25,18.0,17.125,Overcast.,13.0,29.0,21.0
2021-09-03,15.5,19.25,17.375,Passing clouds.,13.0,25.0,31.0
2021-09-04,15.25,18.0,16.625,Broken clouds.,13.0,21.0,40.0
2021-09-05,15.75,21.75,18.75,Passing clouds.,13.0,17.0,50.0
2021-09-06,16.75,23.75,20.25,Clear.,13.0,13.0,58.0
2021-09-07,18.5,25.5,22.0,Sunny.,13.0,10.0,6.0
2021-09-08,19.25,25.5,22.375,Haze.,13.0,6.0,14.0
2021-09-09,17.25,20.0,18.625,Broken clouds.,13.0,2.0,22.0
2021-09-10,17.5,19.25,18.375,Partly sunny.,12.0,58.0,29.0
2021-09-11,17.0,20.5,18.75,Partly sunny.,12.0,54.0,36.0
2021-09-12,14.25,18.5,16.375,Partly sunny.,12.0,50.0,43.0
2021-09-13,15.25,18.75,17.0,Broken clouds.,12.0,46.0,49.0
2021-09-14,16.25,18.0,17.125,Haze.,12.0,42.0,56.0
2021-09-15,15.25,18.75,17.0,Passing clouds.,12.0,39.0,2.0
2021-09-16,14.0,18.75,16.375,Clear.,12.0,35.0,8.0
2021-09-17,15.0,19.0,17.0,Partly sunny.,12.0,31.0,14.0
2021-09-18,15.25,20.5,17.875,Broken clouds.,12.0,27.0,19.0
2021-09-19,14.75,17.0,15.875,Partly sunny.,12.0,23.0,25.0
2021-09-20,13.25,17.0,15.125,Broken clouds.,12.0,19.0,31.0
2021-09-21,12.75,18.5,15.625,Scattered clouds.,12.0,15.0,36.0
2021-09-22,12.25,18.25,15.25,Clear.,12.0,11.0,41.0
2021-09-23,14.75,18.25,16.5,Broken clouds.,12.0,7.0,47.0
2021-09-24,15.5,19.75,17.625,Passing clouds.,12.0,3.0,52.0
2021-09-25,15.5,17.5,16.5,Low clouds.,11.0,59.0,57.0
2021-09-26,15.0,18.5,16.75,Fog.,11.0,56.0,3.0
2021-09-27,14.0,17.25,15.625,Passing clouds.,11.0,52.0,8.0
2021-09-28,11.75,15.25,13.5,Broken clouds.,11.0,48.0,13.0
2021-09-29,9.75,13.0,11.375,Passing clouds.,11.0,44.0,19.0
2021-09-30,11.0,13.5,12.25,Fog.,11.0,40.0,24.0
2021-10-01,13.0,16.0,14.5,Passing clouds.,11.0,36.0,29.0
2021-10-02,10.0,12.75,11.375,Drizzle. Broken clouds.,11.0,32.0,35.0
2021-10-03,11.0,14.5,12.75,Overcast.,11.0,28.0,41.0
2021-10-04,11.25,13.75,12.5,Passing clouds.,11.0,24.0,47.0
2021-10-05,11.75,14.0,12.875,Scattered clouds.,11.0,20.0,53.0
2021-10-06,11.5,14.5,13.0,Clear.,11.0,16.0,59.0
2021-10-07,14.25,16.0,15.125,Fog.,11.0,13.0,5.0
2021-10-08,14.0,16.25,15.125,Fog.,11.0,9.0,12.0
2021-10-09,9.0,15.0,12.0,Fog.,11.0,5.0,19.0
2021-10-10,10.25,14.25,12.25,Fog.,11.0,1.0,27.0
2021-10-11,8.25,12.25,10.25,Partly sunny.,10.0,57.0,34.0
2021-10-12,9.75,12.5,11.125,Passing clouds.,10.0,53.0,43.0
2021-10-13,9.5,14.0,11.75,Partly sunny.,10.0,49.0,51.0
2021-10-14,11.5,15.0,13.25,Fog.,10.0,46.0,0.0
2021-10-15,11.5,13.5,12.5,Partly sunny.,10.0,42.0,10.0
2021-10-16,9.5,13.25,11.375,Fog.,10.0,38.0,20.0
2021-10-17,10.75,14.0,12.375,Fog.,10.0,34.0,31.0
2021-10-18,11.0,14.25,12.625,Drizzle. Low clouds.,10.0,30.0,42.0
2021-10-19,17.0,18.5,17.75,Broken clouds.,10.0,26.0,54.0
2021-10-20,14.0,16.75,15.375,Passing clouds.,10.0,23.0,7.0
2021-10-21,7.25,9.75,8.5,Passing clouds.,10.0,19.0,20.0
2021-10-22,8.0,10.5,9.25,Clear.,10.0,15.0,35.0
2021-10-23,10.5,12.5,11.5,Partly sunny.,10.0,11.0,50.0
2021-10-24,12.25,14.25,13.25,Overcast.,10.0,8.0,6.0
2021-10-25,10.0,14.0,12.0,Scattered clouds.,10.0,4.0,23.0
2021-10-26,11.25,14.5,12.875,Broken clouds.,10.0,0.0,41.0
2021-10-27,14.75,15.75,15.25,Broken clouds.,9.0,57.0,0.0
2021-10-28,13.0,14.75,13.875,Broken clouds.,9.0,53.0,20.0
2021-10-29,12.0,14.25,13.125,Passing clouds.,9.0,49.0,41.0
2021-10-30,9.5,12.5,11.0,Passing clouds.,9.0,46.0,4.0
2021-10-31,9.75,13.25,11.5,Passing clouds.,9.0,42.0,28.0
2021-11-01,7.75,11.0,9.375,Passing clouds.,9.0,38.0,53.0
2021-11-02,2.25,7.5,4.875,Passing clouds.,9.0,35.0,20.0
2021-11-03,3.5,6.75,5.125,Chilly.,9.0,31.0,48.0
2021-11-04,5.5,8.5,7.0,Passing clouds.,9.0,28.0,18.0
2021-11-05,3.5,7.5,5.5,Broken clouds.,9.0,24.0,50.0
2021-11-06,10.0,11.75,10.875,Passing clouds.,9.0,21.0,24.0
2021-11-07,7.5,11.0,9.25,Cool.,9.0,17.0,59.0
2021-11-08,6.0,9.75,7.875,Chilly.,9.0,14.0,37.0
2021-11-09,11.5,13.75,12.625,Passing clouds.,9.0,11.0,17.0
2021-11-10,11.5,13.0,12.25,Drizzle. Broken clouds.,9.0,7.0,59.0
2021-11-11,10.25,13.0,11.625,Broken clouds.,9.0,4.0,43.0
2021-11-12,10.5,13.0,11.75,Passing clouds.,9.0,1.0,30.0
2021-11-13,11.0,12.0,11.5,Partly sunny.,8.0,58.0,20.0
2021-11-14,10.75,12.0,11.375,Passing clouds.,8.0,55.0,12.0
2021-11-15,7.5,10.0,8.75,Overcast.,8.0,52.0,7.0
2021-11-16,5.25,9.0,7.125,Fog.,8.0,49.0,5.0
2021-11-17,5.0,9.75,7.375,Clear.,8.0,46.0,6.0
2021-11-18,8.0,11.25,9.625,Clear.,8.0,43.0,10.0
2021-11-19,11.25,11.5,11.375,Partly sunny.,8.0,40.0,17.0
2021-11-20,9.5,10.5,10.0,Overcast.,8.0,37.0,28.0
2021-11-21,5.0,7.75,6.375,Passing clouds.,8.0,34.0,43.0
2021-11-22,4.5,7.25,5.875,Passing clouds.,8.0,32.0,1.0
2021-11-23,1.25,6.0,3.625,Fog.,8.0,29.0,23.0
2021-11-24,4.5,6.25,5.375,Partly sunny.,8.0,26.0,48.0
2021-11-25,2.75,5.75,4.25,Passing clouds.,8.0,24.0,18.0
2021-11-26,3.75,6.75,5.25,Clear.,8.0,21.0,52.0
2021-11-27,2.5,4.5,3.5,Partly sunny.,8.0,19.0,31.0
2021-11-28,-0.25,2.5,1.125,Sunny.,8.0,17.0,13.0
2021-11-29,-0.25,2.5,1.125,Haze.,8.0,15.0,1.0
2021-11-30,9.25,10.75,10.0,Passing clouds.,8.0,12.0,53.0
2021-12-01,6.5,9.25,7.875,Passing clouds.,8.0,10.0,50.0
2021-12-02,0.5,3.0,1.75,Clear.,8.0,8.0,52.0
2021-12-03,4.25,7.0,5.625,Drizzle. Partly sunny.,8.0,6.0,59.0
2021-12-04,4.75,6.75,5.75,Clear.,8.0,5.0,11.0
2021-12-05,4.75,6.0,5.375,Drizzle. Broken clouds.,8.0,3.0,29.0
2021-12-06,3.0,5.5,4.25,Chilly.,8.0,1.0,52.0
2021-12-07,3.25,5.75,4.5,Light rain. Mostly cloudy.,8.0,0.0,21.0
2021-12-08,6.0,7.25,6.625,Partly sunny.,7.0,58.0,55.0
2021-12-09,5.25,7.5,6.375,Sunny.,7.0,57.0,36.0
2021-12-10,4.25,6.75,5.5,Clear.,7.0,56.0,22.0
2021-12-11,4.25,7.0,5.625,Passing clouds.,7.0,55.0,14.0
2021-12-12,11.25,12.75,12.0,Partly sunny.,7.0,54.0,12.0
2021-12-13,10.25,11.0,10.625,Passing clouds.,7.0,53.0,17.0
2021-12-14,10.25,11.75,11.0,Partly sunny.,7.0,52.0,28.0
2021-12-15,11.25,12.75,12.0,Overcast.,7.0,51.0,45.0
2021-12-16,10.0,11.25,10.625,Overcast.,7.0,51.0,8.0
2021-12-17,7.75,9.0,8.375,Low clouds.,7.0,50.0,38.0
2021-12-18,7.75,8.5,8.125,Low clouds.,7.0,50.0,14.0
2021-12-19,3.75,5.5,4.625,Fog.,7.0,49.0,57.0
2021-12-20,5.75,6.25,6.0,Overcast.,7.0,49.0,46.0
2021-12-21,3.0,5.25,4.125,Partly sunny.,7.0,49.0,42.0
2021-12-22,-0.25,2.75,1.25,Sunny.,7.0,49.0,44.0
2021-12-23,6.75,9.25,8.0,Low clouds.,7.0,49.0,53.0
2021-12-24,7.25,9.25,8.25,Fog.,7.0,50.0,8.0
2021-12-25,6.75,7.5,7.125,Partly sunny.,7.0,50.0,30.0
2021-12-26,6.75,8.0,7.375,Fog.,7.0,50.0,58.0
2021-12-27,8.75,10.0,9.375,Broken clouds.,7.0,51.0,32.0
2021-12-28,9.75,10.5,10.125,Broken clouds.,7.0,52.0,14.0
2021-12-29,9.5,12.5,11.0,Clear.,7.0,53.0,1.0
2021-12-30,14.0,14.75,14.375,Partly sunny.,7.0,53.0,55.0
2021-12-31,13.0,14.5,13.75,Partly sunny.,7.0,54.0,55.0
