Month,Date,Year,Low (in Celsius),High (in Celcius),Time,weather_desc,daylight_hours,daylight_mins,daylight_sec
1,1,2021,-1,0,0,Low clouds.,7,56,19
1,1,2021,-1,1,6,Low clouds.,7,56,19
1,1,2021,2,3,12,Drizzle. Low clouds.,7,56,19
1,1,2021,3,4,18,Low clouds.,7,56,19
1,2,2021,4,4,0,Low clouds.,7,57,32
1,2,2021,2,4,6,Partly sunny.,7,57,32
1,2,2021,2,5,12,Partly sunny.,7,57,32
1,2,2021,1,2,18,Low clouds.,7,57,32
1,3,2021,1,2,0,Low clouds.,7,58,52
1,3,2021,3,5,6,Broken clouds.,7,58,52
1,3,2021,4,6,12,Partly sunny.,7,58,52
1,3,2021,4,4,18,Passing clouds.,7,58,52
1,4,2021,2,4,0,Passing clouds.,8,00,17
1,4,2021,3,5,6,Partly sunny.,8,00,17
1,4,2021,4,5,12,Partly sunny.,8,00,17
1,4,2021,3,4,18,Overcast.,8,00,17
1,5,2021,2,3,0,Passing clouds.,8,01,48
1,5,2021,2,4,6,Partly sunny.,8,01,48
1,5,2021,4,5,12,Light rain. Partly sunny.,8,01,48
1,5,2021,3,4,18,Passing clouds.,8,01,48
1,6,2021,3,3,0,Passing clouds.,8,03,25
1,6,2021,3,5,6,Partly sunny.,8,03,25
1,6,2021,2,5,12,Passing clouds.,8,03,25
1,6,2021,-1,2,18,Passing clouds.,8,03,25
1,7,2021,0,0,0,Passing clouds.,8,05,08
1,7,2021,0,3,6,Partly sunny.,8,05,08
1,7,2021,-1,3,12,Passing clouds.,8,05,08
1,7,2021,-2,-1,18,Passing clouds.,8,05,08
1,8,2021,-1,0,0,Low clouds.,8,06,56
1,8,2021,0,2,6,Fog.,8,06,56
1,8,2021,0,2,12,Low clouds.,8,06,56
1,8,2021,0,0,18,Low clouds.,8,06,56
1,9,2021,0,1,0,Low clouds.,8,08,49
1,9,2021,-1,0,6,Ice fog.,8,08,49
1,9,2021,-1,3,12,Sunny.,8,08,49
1,9,2021,-2,-2,18,Ice fog.,8,08,49
1,10,2021,-2,-1,0,Low clouds.,8,10,48
1,10,2021,-1,1,6,Ice fog.,8,10,48
1,10,2021,2,3,12,Overcast.,8,10,48
1,10,2021,3,4,18,Overcast.,8,10,48
1,11,2021,4,5,0,Low clouds.,8,12,51
1,11,2021,5,8,6,Partly sunny.,8,12,51
1,11,2021,8,9,12,Broken clouds.,8,12,51
1,11,2021,8,8,18,Passing clouds.,8,12,51
1,12,2021,9,9,0,Passing clouds.,8,15,00
1,12,2021,7,9,6,Partly sunny.,8,15,00
1,12,2021,2,7,12,Broken clouds.,8,15,00
1,12,2021,1,2,18,Clear.,8,15,00
1,13,2021,0,3,0,Low clouds.,8,17,13
1,13,2021,3,6,6,Drizzle. Low clouds.,8,17,13
1,13,2021,7,10,12,Drizzle. Cloudy.,8,17,13
1,13,2021,9,10,18,Passing clouds.,8,17,13
1,14,2021,7,9,0,Passing clouds.,8,19,31
1,14,2021,5,6,6,Light rain. Low clouds.,8,19,31
1,14,2021,3,5,12,Drizzle. Partly sunny.,8,19,31
1,14,2021,2,3,18,Partly cloudy.,8,19,31
1,15,2021,0,1,0,Passing clouds.,8,21,54
1,15,2021,0,3,6,Partly sunny.,8,21,54
1,15,2021,0,5,12,Partly sunny.,8,21,54
1,15,2021,-2,1,18,Passing clouds.,8,21,54
1,16,2021,1,3,0,Mostly cloudy.,8,24,21
1,16,2021,1,6,6,Drizzle. More clouds than sun.,8,24,21
1,16,2021,6,9,12,Partly sunny.,8,24,21
1,16,2021,6,7,18,Overcast.,8,24,21
1,17,2021,5,6,0,Overcast.,8,26,52
1,17,2021,4,7,6,Scattered clouds.,8,26,52
1,17,2021,5,8,12,Partly sunny.,8,26,52
1,17,2021,2,4,18,Overcast.,8,26,52
1,18,2021,1,3,0,Passing clouds.,8,29,28
1,18,2021,2,7,6,Partly sunny.,8,29,28
1,18,2021,6,7,12,Partly sunny.,8,29,28
1,18,2021,7,9,18,Passing clouds.,8,29,28
1,19,2021,10,11,0,Passing clouds.,8,32,07
1,19,2021,11,12,6,Partly sunny.,8,32,07
1,19,2021,10,11,12,Drizzle. Mostly cloudy.,8,32,07
1,19,2021,10,11,18,Low clouds.,8,32,07
1,20,2021,10,10,0,Passing clouds.,8,34,51
1,20,2021,10,11,6,Drizzle. Broken clouds.,8,34,51
1,20,2021,9,10,12,Light rain. Partly sunny.,8,34,51
1,20,2021,7,10,18,Passing clouds.,8,34,51
1,21,2021,4,5,0,Passing clouds.,8,37,38
1,21,2021,5,8,6,Scattered clouds.,8,37,38
1,21,2021,7,8,12,Partly sunny.,8,37,38
1,21,2021,3,7,18,Overcast.,8,37,38
1,22,2021,1,2,0,Clear.,8,40,29
1,22,2021,0,7,6,Sunny.,8,40,29
1,22,2021,4,8,12,Scattered clouds.,8,40,29
1,22,2021,3,4,18,Sprinkles. Passing clouds.,8,40,29
1,23,2021,0,3,0,Low clouds.,8,43,23
1,23,2021,-1,1,6,Ice fog.,8,43,23
1,23,2021,1,4,12,Scattered clouds.,8,43,23
1,23,2021,-3,1,18,Clear.,8,43,23
1,24,2021,-4,-3,0,Passing clouds.,8,46,21
1,24,2021,-2,1,6,Clear.,8,46,21
1,24,2021,1,1,12,Partly sunny.,8,46,21
1,24,2021,1,1,18,Passing clouds.,8,46,21
1,25,2021,-3,1,0,Clear.,8,49,21
1,25,2021,-4,3,6,Sunny.,8,49,21
1,25,2021,2,5,12,Sunny.,8,49,21
1,25,2021,-1,2,18,Clear.,8,49,21
1,26,2021,-2,-1,0,Passing clouds.,8,52,26
1,26,2021,-1,4,6,Overcast.,8,52,26
1,26,2021,4,5,12,Overcast.,8,52,26
1,26,2021,5,6,18,Drizzle. Low clouds.,8,52,26
1,27,2021,6,7,0,Mostly cloudy.,8,55,33
1,27,2021,7,9,6,Fog.,8,55,33
1,27,2021,9,10,12,Overcast.,8,55,33
1,27,2021,9,9,18,Low clouds.,8,55,33
1,28,2021,9,10,0,Passing clouds.,8,58,42
1,28,2021,11,13,6,Partly sunny.,8,58,42
1,28,2021,11,13,12,Partly sunny.,8,58,42
1,28,2021,10,11,18,Passing clouds.,8,58,42
1,29,2021,9,10,0,Passing clouds.,9,01,55
1,29,2021,8,9,6,Broken clouds.,9,01,55
1,29,2021,10,11,12,Broken clouds.,9,01,55
1,29,2021,7,9,18,Passing clouds.,9,01,55
1,30,2021,6,7,0,Passing clouds.,9,05,10
1,30,2021,4,6,6,Light rain. Low clouds.,9,05,10
1,30,2021,3,4,12,Drizzle. Low clouds.,9,05,10
1,30,2021,3,4,18,Passing clouds.,9,05,10
1,31,2021,1,2,0,Passing clouds.,9,08,28
1,31,2021,0,4,6,Sunny.,9,08,28
1,31,2021,3,4,12,Overcast.,9,08,28
1,31,2021,3,3,18,Partly cloudy.,9,08,28
2,1,2021,3,3,0,Low clouds.,9,11,48
2,1,2021,3,4,6,Broken clouds.,9,11,48
2,1,2021,3,4,12,Overcast.,9,11,48
2,1,2021,3,4,18,Low clouds.,9,11,48
2,2,2021,4,6,0,Low clouds.,9,15,11
2,2,2021,7,12,6,Partly sunny.,9,15,11
2,2,2021,11,13,12,Broken clouds.,9,15,11
2,2,2021,10,11,18,Partly cloudy.,9,15,11
2,3,2021,8,10,0,Mostly cloudy.,9,18,36
2,3,2021,8,9,6,Partly sunny.,9,18,36
2,3,2021,8,11,12,Partly sunny.,9,18,36
2,3,2021,5,8,18,Passing clouds.,9,18,36
2,4,2021,-1,4,0,Clear.,9,22,02
2,4,2021,-1,9,6,Fog.,9,22,02
2,4,2021,8,9,12,Sprinkles. Broken clouds.,9,22,02
2,4,2021,7,9,18,Rain showers. Partly cloudy.,9,22,02
2,5,2021,6,8,0,Passing clouds.,9,25,31
2,5,2021,6,9,6,Broken clouds.,9,25,31
2,5,2021,7,11,12,Sprinkles. Broken clouds.,9,25,31
2,5,2021,6,7,18,Passing clouds.,9,25,31
2,6,2021,4,6,0,Passing clouds.,9,29,02
2,6,2021,4,7,6,Broken clouds.,9,29,02
2,6,2021,7,8,12,Broken clouds.,9,29,02
2,6,2021,3,7,18,Partly cloudy.,9,29,02
2,7,2021,3,4,0,Overcast.,9,32,35
2,7,2021,1,3,6,Light snow. Partly sunny.,9,32,35
2,7,2021,1,2,12,Partly sunny.,9,32,35
2,7,2021,-1,1,18,Passing clouds.,9,32,35
2,8,2021,-2,-1,0,Passing clouds.,9,36,09
2,8,2021,-2,-1,6,Light snow. Partly sunny.,9,36,09
2,8,2021,-1,-1,12,Light snow. Passing clouds.,9,36,09
2,8,2021,-1,-1,18,Partly cloudy.,9,36,09
2,9,2021,-1,-1,0,Passing clouds.,9,39,45
2,9,2021,-1,0,6,Light snow. Broken clouds.,9,39,45
2,9,2021,0,0,12,Snow flurries. Broken clouds.,9,39,45
2,9,2021,0,0,18,Passing clouds.,9,39,45
2,10,2021,-2,0,0,Overcast.,9,43,23
2,10,2021,-2,2,6,Sunny.,9,43,23
2,10,2021,0,2,12,Passing clouds.,9,43,23
2,10,2021,-4,0,18,Passing clouds.,9,43,23
2,11,2021,-5,-2,0,Passing clouds.,9,47,02
2,11,2021,-2,1,6,Partly sunny.,9,47,02
2,11,2021,0,2,12,Partly sunny.,9,47,02
2,11,2021,-1,0,18,Clear.,9,47,02
2,12,2021,-1,-1,0,Overcast.,9,50,43
2,12,2021,-1,1,6,Sunny.,9,50,43
2,12,2021,-1,2,12,Partly sunny.,9,50,43
2,12,2021,-2,-1,18,Overcast.,9,50,43
2,13,2021,-4,-2,0,Clear.,9,54,25
2,13,2021,-4,0,6,Sunny.,9,54,25
2,13,2021,0,2,12,Sunny.,9,54,25
2,13,2021,1,2,18,Overcast.,9,54,25
2,14,2021,1,2,0,Passing clouds.,9,58,08
2,14,2021,1,3,6,More clouds than sun.,9,58,08
2,14,2021,3,4,12,More clouds than sun.,9,58,08
2,14,2021,4,4,18,Passing clouds.,9,58,08
2,15,2021,5,6,0,Low clouds.,10,01,52
2,15,2021,7,10,6,Drizzle. Partly sunny.,10,01,52
2,15,2021,10,13,12,Partly sunny.,10,01,52
2,15,2021,8,10,18,Passing clouds.,10,01,52
2,16,2021,9,10,0,Passing clouds.,10,05,37
2,16,2021,9,10,6,Light rain. Partly sunny.,10,05,37
2,16,2021,9,11,12,Broken clouds.,10,05,37
2,16,2021,8,9,18,Passing clouds.,10,05,37
2,17,2021,7,9,0,Passing clouds.,10,09,24
2,17,2021,9,10,6,Light rain. Partly sunny.,10,09,24
2,17,2021,10,11,12,Drizzle. Partly sunny.,10,09,24
2,17,2021,9,11,18,Passing clouds.,10,09,24
2,18,2021,8,9,0,Passing clouds.,10,13,11
2,18,2021,8,11,6,Broken clouds.,10,13,11
2,18,2021,7,10,12,Passing clouds.,10,13,11
2,18,2021,5,6,18,Clear.,10,13,11
2,19,2021,4,6,0,Passing clouds.,10,17,00
2,19,2021,6,10,6,Broken clouds.,10,17,00
2,19,2021,10,10,12,Partly sunny.,10,17,00
2,19,2021,10,12,18,Passing clouds.,10,17,00
2,20,2021,12,13,0,Passing clouds.,10,20,49
2,20,2021,11,14,6,Sunny.,10,20,49
2,20,2021,13,14,12,Sunny.,10,20,49
2,20,2021,13,14,18,Passing clouds.,10,20,49
2,21,2021,10,13,0,Overcast.,10,24,39
2,21,2021,10,13,6,Partly sunny.,10,24,39
2,21,2021,11,14,12,Partly sunny.,10,24,39
2,21,2021,7,11,18,Overcast.,10,24,39
2,22,2021,6,7,0,Passing clouds.,10,28,30
2,22,2021,7,10,6,Sunny.,10,28,30
2,22,2021,9,10,12,Light rain. Low clouds.,10,28,30
2,22,2021,8,10,18,Passing clouds.,10,28,30
2,23,2021,6,7,0,Mostly cloudy.,10,32,21
2,23,2021,6,13,6,Sunny.,10,32,21
2,23,2021,13,15,12,Sunny.,10,32,21
2,23,2021,13,13,18,Overcast.,10,32,21
2,24,2021,12,12,0,Passing clouds.,10,36,14
2,24,2021,12,15,6,Sunny.,10,36,14
2,24,2021,13,16,12,Partly sunny.,10,36,14
2,24,2021,12,13,18,Passing clouds.,10,36,14
2,25,2021,10,13,0,Passing clouds.,10,40,06
2,25,2021,9,11,6,More clouds than sun.,10,40,06
2,25,2021,10,12,12,Partly sunny.,10,40,06
2,25,2021,3,10,18,Clear.,10,40,06
2,26,2021,0,2,0,Clear.,10,44,00
2,26,2021,-1,11,6,Sunny.,10,44,00
2,26,2021,8,12,12,Passing clouds.,10,44,00
2,26,2021,1,8,18,Clear.,10,44,00
2,27,2021,-1,1,0,Clear.,10,47,54
2,27,2021,-1,12,6,Sunny.,10,47,54
2,27,2021,10,13,12,Passing clouds.,10,47,54
2,27,2021,3,9,18,Clear.,10,47,54
2,28,2021,1,3,0,Clear.,10,51,48
2,28,2021,3,6,6,Fog.,10,51,48
2,28,2021,6,9,12,Passing clouds.,10,51,48
2,28,2021,4,8,18,Clear.,10,51,48
3,1,2021,4,5,0,Low clouds.,10,55,43
3,1,2021,5,9,6,Partly sunny.,10,55,43
3,1,2021,6,9,12,Passing clouds.,10,55,43
3,1,2021,4,5,18,Passing clouds.,10,55,43
3,2,2021,4,4,0,Low clouds.,10,59,38
3,2,2021,4,6,6,Overcast.,10,59,38
3,2,2021,6,9,12,Haze.,10,59,38
3,2,2021,3,6,18,Passing clouds.,10,59,38
3,3,2021,3,4,0,Low clouds.,11,03,34
3,3,2021,3,7,6,Fog.,11,03,34
3,3,2021,7,9,12,Light rain. Mostly cloudy.,11,03,34
3,3,2021,6,7,18,Fog.,11,03,34
3,4,2021,4,6,0,Low clouds.,11,07,30
3,4,2021,4,5,6,More clouds than sun.,11,07,30
3,4,2021,5,6,12,Overcast.,11,07,30
3,4,2021,4,5,18,Passing clouds.,11,07,30
3,5,2021,2,4,0,Overcast.,11,11,27
3,5,2021,1,5,6,Partly sunny.,11,11,27
3,5,2021,5,6,12,Partly sunny.,11,11,27
3,5,2021,2,5,18,Passing clouds.,11,11,27
3,6,2021,0,2,0,Overcast.,11,15,23
3,6,2021,2,6,6,Partly sunny.,11,15,23
3,6,2021,5,6,12,Partly sunny.,11,15,23
3,6,2021,2,5,18,Overcast.,11,15,23
3,7,2021,1,2,0,Overcast.,11,19,20
3,7,2021,2,4,6,Overcast.,11,19,20
3,7,2021,5,6,12,Passing clouds.,11,19,20
3,7,2021,-1,2,18,Clear.,11,19,20
3,8,2021,0,1,0,Passing clouds.,11,23,18
3,8,2021,2,8,6,Partly sunny.,11,23,18
3,8,2021,9,10,12,Broken clouds.,11,23,18
3,8,2021,5,8,18,Clear.,11,23,18
3,9,2021,0,5,0,Overcast.,11,27,15
3,9,2021,1,11,6,Sunny.,11,27,15
3,9,2021,10,13,12,Scattered clouds.,11,27,15
3,9,2021,6,9,18,Clear.,11,27,15
3,10,2021,6,7,0,Overcast.,11,31,13
3,10,2021,7,7,6,Light rain. Mostly cloudy.,11,31,13
3,10,2021,7,9,12,Light rain. Mostly cloudy.,11,31,13
3,10,2021,9,11,18,Passing clouds.,11,31,13
3,11,2021,10,11,0,Passing clouds.,11,35,11
3,11,2021,10,11,6,Broken clouds.,11,35,11
3,11,2021,7,11,12,Scattered clouds.,11,35,11
3,11,2021,5,7,18,Passing clouds.,11,35,11
3,12,2021,5,6,0,Passing clouds.,11,39,09
3,12,2021,6,9,6,Broken clouds.,11,39,09
3,12,2021,8,11,12,Scattered clouds.,11,39,09
3,12,2021,7,8,18,Passing clouds.,11,39,09
3,13,2021,5,7,0,Passing clouds.,11,43,08
3,13,2021,5,9,6,Partly sunny.,11,43,08
3,13,2021,6,10,12,Scattered showers. Scattered clouds.,11,43,08
3,13,2021,4,5,18,Clear.,11,43,08
3,14,2021,5,6,0,Passing clouds.,11,47,06
3,14,2021,5,10,6,Scattered clouds.,11,47,06
3,14,2021,8,10,12,Partly sunny.,11,47,06
3,14,2021,8,9,18,Passing clouds.,11,47,06
3,15,2021,8,9,0,Passing clouds.,11,51,04
3,15,2021,8,11,6,Broken clouds.,11,51,04
3,15,2021,8,12,12,Partly sunny.,11,51,04
3,15,2021,7,10,18,Passing clouds.,11,51,04
3,16,2021,7,8,0,Passing clouds.,11,55,03
3,16,2021,8,13,6,Partly sunny.,11,55,03
3,16,2021,12,14,12,Broken clouds.,11,55,03
3,16,2021,8,11,18,Passing clouds.,11,55,03
3,17,2021,4,7,0,Clear.,11,59,01
3,17,2021,4,8,6,Sunny.,11,59,01
3,17,2021,7,10,12,Scattered clouds.,11,59,01
3,17,2021,4,9,18,Passing clouds.,11,59,01
3,18,2021,2,5,0,Passing clouds.,12,03,00
3,18,2021,6,9,6,More clouds than sun.,12,03,00
3,18,2021,9,10,12,Light rain. Broken clouds.,12,03,00
3,18,2021,8,10,18,Overcast.,12,03,00
3,19,2021,7,8,0,Passing clouds.,12,06,58
3,19,2021,6,10,6,Passing clouds.,12,06,58
3,19,2021,9,11,12,Passing clouds.,12,06,58
3,19,2021,4,8,18,Passing clouds.,12,06,58
3,20,2021,3,5,0,Passing clouds.,12,10,57
3,20,2021,4,9,6,Mostly cloudy.,12,10,57
3,20,2021,9,11,12,Partly sunny.,12,10,57
3,20,2021,8,10,18,Passing clouds.,12,10,57
3,21,2021,7,8,0,Passing clouds.,12,14,55
3,21,2021,7,10,6,Partly sunny.,12,14,55
3,21,2021,10,11,12,Partly sunny.,12,14,55
3,21,2021,3,9,18,Passing clouds.,12,14,55
3,22,2021,3,4,0,Overcast.,12,18,53
3,22,2021,4,11,6,Passing clouds.,12,18,53
3,22,2021,11,14,12,Passing clouds.,12,18,53
3,22,2021,3,9,18,Clear.,12,18,53
3,23,2021,1,2,0,Passing clouds.,12,22,52
3,23,2021,1,11,6,Partly sunny.,12,22,52
3,23,2021,11,13,12,Passing clouds.,12,22,52
3,23,2021,5,10,18,Clear.,12,22,52
3,24,2021,2,4,0,Partly cloudy.,12,26,50
3,24,2021,3,13,6,Partly sunny.,12,26,50
3,24,2021,12,14,12,Partly sunny.,12,26,50
3,24,2021,7,11,18,Passing clouds.,12,26,50
3,25,2021,3,6,0,Clear.,12,30,48
3,25,2021,4,13,6,Broken clouds.,12,30,48
3,25,2021,11,13,12,Broken clouds.,12,30,48
3,25,2021,9,11,18,Passing clouds.,12,30,48
3,26,2021,9,10,0,Passing clouds.,12,34,45
3,26,2021,10,12,6,More clouds than sun.,12,34,45
3,26,2021,8,11,12,Broken clouds.,12,34,45
3,26,2021,4,8,18,Passing clouds.,12,34,45
3,27,2021,3,3,0,Passing clouds.,12,38,43
3,27,2021,3,11,6,Scattered clouds.,12,38,43
3,27,2021,10,12,12,Partly sunny.,12,38,43
3,27,2021,8,10,18,Partly cloudy.,12,38,43
3,28,2021,9,10,0,Partly cloudy.,12,42,40
3,28,2021,10,12,6,Partly sunny.,12,42,40
3,28,2021,12,13,12,Partly sunny.,12,42,40
3,28,2021,10,12,18,Passing clouds.,12,42,40
3,29,2021,10,10,0,Overcast.,12,46,37
3,29,2021,10,14,6,Overcast.,12,46,37
3,29,2021,15,20,12,Passing clouds.,12,46,37
3,29,2021,7,18,18,Clear.,12,46,37
3,30,2021,1,5,0,Clear.,12,50,34
3,30,2021,3,20,6,Sunny.,12,50,34
3,30,2021,21,24,12,Sunny.,12,50,34
3,30,2021,9,22,18,Clear.,12,50,34
3,31,2021,5,8,0,Clear.,12,54,31
3,31,2021,7,19,6,Sunny.,12,54,31
3,31,2021,19,21,12,Sunny.,12,54,31
3,31,2021,12,19,18,Sunny.,12,54,31
4,1,2021,8,12,0,Passing clouds.,12,58,27
4,1,2021,8,12,6,Partly sunny.,12,58,27
4,1,2021,11,15,12,Passing clouds.,12,58,27
4,1,2021,6,11,18,Passing clouds.,12,58,27
4,2,2021,5,6,0,Overcast.,13,02,23
4,2,2021,5,8,6,Partly sunny.,13,02,23
4,2,2021,7,11,12,Scattered clouds.,13,02,23
4,2,2021,6,8,18,Passing clouds.,13,02,23
4,3,2021,6,6,0,Passing clouds.,13,06,19
4,3,2021,6,8,6,Partly sunny.,13,06,19
4,3,2021,8,9,12,Partly sunny.,13,06,19
4,3,2021,5,8,18,Partly sunny.,13,06,19
4,4,2021,0,4,0,Clear.,13,10,15
4,4,2021,2,10,6,Passing clouds.,13,10,15
4,4,2021,11,15,12,Sunny.,13,10,15
4,4,2021,9,15,18,Clear.,13,10,15
4,5,2021,7,9,0,Passing clouds.,13,14,10
4,5,2021,3,7,6,Broken clouds.,13,14,10
4,5,2021,4,7,12,Sunny.,13,14,10
4,5,2021,2,6,18,Clear.,13,14,10
4,6,2021,0,2,0,Clear.,13,18,05
4,6,2021,0,6,6,Passing clouds.,13,18,05
4,6,2021,3,7,12,Partly sunny.,13,18,05
4,6,2021,-1,4,18,Clear.,13,18,05
4,7,2021,-3,-1,0,Clear.,13,21,59
4,7,2021,-2,5,6,Sunny.,13,21,59
4,7,2021,5,6,12,Sunny.,13,21,59
4,7,2021,5,6,18,Overcast.,13,21,59
4,8,2021,3,4,0,Overcast.,13,25,53
4,8,2021,4,10,6,Broken clouds.,13,25,53
4,8,2021,11,13,12,Partly sunny.,13,25,53
4,8,2021,8,10,18,Passing clouds.,13,25,53
4,9,2021,5,7,0,Overcast.,13,29,46
4,9,2021,5,11,6,Sunny.,13,29,46
4,9,2021,10,14,12,Broken clouds.,13,29,46
4,9,2021,7,10,18,Partly sunny.,13,29,46
4,10,2021,6,7,0,Overcast.,13,33,39
4,10,2021,6,7,6,Partly sunny.,13,33,39
4,10,2021,6,8,12,Light rain. Partly sunny.,13,33,39
4,10,2021,4,7,18,Broken clouds.,13,33,39
4,11,2021,-1,3,0,Overcast.,13,37,31
4,11,2021,1,7,6,Passing clouds.,13,37,31
4,11,2021,5,8,12,Partly sunny.,13,37,31
4,11,2021,0,5,18,Passing clouds.,13,37,31
4,12,2021,-2,0,0,Clear.,13,41,23
4,12,2021,1,7,6,Broken clouds.,13,41,23
4,12,2021,6,10,12,Sunny.,13,41,23
4,12,2021,0,8,18,Clear.,13,41,23
4,13,2021,-2,-1,0,Passing clouds.,13,45,14
4,13,2021,-2,11,6,Sunny.,13,45,14
4,13,2021,11,12,12,Sunny.,13,45,14
4,13,2021,2,10,18,Clear.,13,45,14
4,14,2021,1,4,0,Passing clouds.,13,49,05
4,14,2021,4,11,6,Sunny.,13,49,05
4,14,2021,10,12,12,Sunny.,13,49,05
4,14,2021,2,10,18,Clear.,13,49,05
4,15,2021,0,4,0,Clear.,13,52,54
4,15,2021,1,9,6,Scattered clouds.,13,52,54
4,15,2021,9,11,12,Partly sunny.,13,52,54
4,15,2021,4,9,18,Clear.,13,52,54
4,16,2021,-1,3,0,Clear.,13,56,43
4,16,2021,0,9,6,Scattered clouds.,13,56,43
4,16,2021,10,11,12,Sunny.,13,56,43
4,16,2021,3,11,18,Clear.,13,56,43
4,17,2021,-1,1,0,Clear.,14,00,31
4,17,2021,-1,10,6,Sunny.,14,00,31
4,17,2021,11,13,12,Sunny.,14,00,31
4,17,2021,6,13,18,Sunny.,14,00,31
4,18,2021,-1,5,0,Passing clouds.,14,04,19
4,18,2021,-1,12,6,Sunny.,14,04,19
4,18,2021,12,15,12,Sunny.,14,04,19
4,18,2021,6,14,18,Clear.,14,04,19
4,19,2021,1,5,0,Clear.,14,08,05
4,19,2021,1,14,6,Sunny.,14,08,05
4,19,2021,14,18,12,Sunny.,14,08,05
4,19,2021,8,16,18,Clear.,14,08,05
4,20,2021,2,7,0,Clear.,14,11,51
4,20,2021,3,16,6,Haze.,14,11,51
4,20,2021,15,17,12,Sunny.,14,11,51
4,20,2021,7,15,18,Sunny.,14,11,51
4,21,2021,4,6,0,Overcast.,14,15,35
4,21,2021,5,13,6,Scattered clouds.,14,15,35
4,21,2021,12,13,12,Partly sunny.,14,15,35
4,21,2021,6,13,18,Passing clouds.,14,15,35
4,22,2021,3,5,0,Clear.,14,19,18
4,22,2021,3,12,6,Sunny.,14,19,18
4,22,2021,13,14,12,Sunny.,14,19,18
4,22,2021,6,13,18,Clear.,14,19,18
4,23,2021,1,4,0,Clear.,14,23,01
4,23,2021,2,15,6,Sunny.,14,23,01
4,23,2021,15,16,12,Sunny.,14,23,01
4,23,2021,7,14,18,Clear.,14,23,01
4,24,2021,1,6,0,Clear.,14,26,42
4,24,2021,4,15,6,Sunny.,14,26,42
4,24,2021,15,16,12,Sunny.,14,26,42
4,24,2021,7,15,18,Clear.,14,26,42
4,25,2021,5,6,0,Clear.,14,30,22
4,25,2021,5,10,6,Scattered clouds.,14,30,22
4,25,2021,12,14,12,Passing clouds.,14,30,22
4,25,2021,6,13,18,Passing clouds.,14,30,22
4,26,2021,4,5,0,Passing clouds.,14,34,00
4,26,2021,5,9,6,Scattered clouds.,14,34,00
4,26,2021,10,13,12,Sunny.,14,34,00
4,26,2021,5,13,18,Clear.,14,34,00
4,27,2021,0,4,0,Clear.,14,37,38
4,27,2021,1,13,6,Sunny.,14,37,38
4,27,2021,13,15,12,Sunny.,14,37,38
4,27,2021,10,14,18,Partly sunny.,14,37,38
4,28,2021,7,9,0,Passing clouds.,14,41,13
4,28,2021,7,12,6,Partly sunny.,14,41,13
4,28,2021,7,13,12,Light rain. Broken clouds.,14,41,13
4,28,2021,6,8,18,Light rain. Partly cloudy.,14,41,13
4,29,2021,3,6,0,Overcast.,14,44,48
4,29,2021,4,9,6,Scattered clouds.,14,44,48
4,29,2021,9,11,12,Partly sunny.,14,44,48
4,29,2021,6,10,18,Partly sunny.,14,44,48
4,30,2021,2,6,0,Overcast.,14,48,21
4,30,2021,4,10,6,Broken clouds.,14,48,21
4,30,2021,10,11,12,Broken clouds.,14,48,21
4,30,2021,5,11,18,Sunny.,14,48,21
5,1,2021,2,4,0,Clear.,14,51,52
5,1,2021,4,10,6,Scattered clouds.,14,51,52
5,1,2021,11,12,12,Scattered showers. Partly sunny.,14,51,52
5,1,2021,5,11,18,Clear.,14,51,52
5,2,2021,4,6,0,Passing clouds.,14,55,22
5,2,2021,5,11,6,Scattered clouds.,14,55,22
5,2,2021,11,14,12,Sunny.,14,55,22
5,2,2021,7,13,18,Sunny.,14,55,22
5,3,2021,5,8,0,Passing clouds.,14,58,50
5,3,2021,6,13,6,More clouds than sun.,14,58,50
5,3,2021,11,13,12,Sunny.,14,58,50
5,3,2021,9,10,18,Rain. Mostly cloudy.,14,58,50
5,4,2021,8,10,0,Passing clouds.,15,02,16
5,4,2021,8,12,6,Broken clouds.,15,02,16
5,4,2021,9,14,12,Passing clouds.,15,02,16
5,4,2021,6,11,18,Passing clouds.,15,02,16
5,5,2021,3,6,0,Passing clouds.,15,05,40
5,5,2021,4,11,6,Scattered clouds.,15,05,40
5,5,2021,5,12,12,Partly sunny.,15,05,40
5,5,2021,3,8,18,Partly sunny.,15,05,40
5,6,2021,0,2,0,Passing clouds.,15,09,03
5,6,2021,1,9,6,Broken clouds.,15,09,03
5,6,2021,8,12,12,Sunny.,15,09,03
5,6,2021,7,12,18,Clear.,15,09,03
5,7,2021,3,7,0,Passing clouds.,15,12,23
5,7,2021,5,12,6,Passing clouds.,15,12,23
5,7,2021,13,14,12,Sunny.,15,12,23
5,7,2021,8,13,18,Clear.,15,12,23
5,8,2021,6,8,0,Passing clouds.,15,15,41
5,8,2021,7,13,6,Drizzle. Partly sunny.,15,15,41
5,8,2021,14,16,12,Partly sunny.,15,15,41
5,8,2021,14,16,18,Broken clouds.,15,15,41
5,9,2021,13,14,0,Passing clouds.,15,18,57
5,9,2021,13,20,6,Broken clouds.,15,18,57
5,9,2021,18,20,12,Partly sunny.,15,18,57
5,9,2021,14,18,18,Broken clouds.,15,18,57
5,10,2021,10,12,0,Mostly cloudy.,15,22,10
5,10,2021,11,15,6,Scattered clouds.,15,22,10
5,10,2021,14,17,12,Passing clouds.,15,22,10
5,10,2021,9,15,18,Passing clouds.,15,22,10
5,11,2021,6,8,0,Clear.,15,25,21
5,11,2021,9,15,6,Broken clouds.,15,25,21
5,11,2021,15,18,12,Sunny.,15,25,21
5,11,2021,10,14,18,Passing clouds.,15,25,21
5,12,2021,9,10,0,Passing clouds.,15,28,29
5,12,2021,10,15,6,Scattered clouds.,15,28,29
5,12,2021,14,17,12,Partly sunny.,15,28,29
5,12,2021,11,15,18,Sunny.,15,28,29
5,13,2021,11,11,0,Passing clouds.,15,31,35
5,13,2021,10,12,6,Light rain. Partly sunny.,15,31,35
5,13,2021,10,14,12,Partly sunny.,15,31,35
5,13,2021,9,12,18,Passing clouds.,15,31,35
5,14,2021,8,10,0,Passing clouds.,15,34,38
5,14,2021,8,10,6,Broken clouds.,15,34,38
5,14,2021,10,12,12,Partly sunny.,15,34,38
5,14,2021,10,12,18,Passing clouds.,15,34,38
5,15,2021,8,10,0,Passing clouds.,15,37,38
5,15,2021,9,12,6,Drizzle. Broken clouds.,15,37,38
5,15,2021,12,15,12,Partly sunny.,15,37,38
5,15,2021,9,13,18,Partly sunny.,15,37,38
5,16,2021,7,9,0,Passing clouds.,15,40,35
5,16,2021,9,14,6,Broken clouds.,15,40,35
5,16,2021,11,15,12,Sprinkles. Broken clouds.,15,40,35
5,16,2021,10,11,18,Drizzle. Broken clouds.,15,40,35
5,17,2021,10,10,0,Passing clouds.,15,43,29
5,17,2021,10,14,6,Partly sunny.,15,43,29
5,17,2021,10,17,12,Broken clouds.,15,43,29
5,17,2021,9,12,18,Passing clouds.,15,43,29
5,18,2021,6,8,0,Passing clouds.,15,46,20
5,18,2021,7,14,6,Broken clouds.,15,46,20
5,18,2021,13,16,12,Broken clouds.,15,46,20
5,18,2021,11,15,18,Passing clouds.,15,46,20
5,19,2021,8,11,0,Passing clouds.,15,49,07
5,19,2021,9,15,6,Passing clouds.,15,49,07
5,19,2021,15,17,12,Scattered clouds.,15,49,07
5,19,2021,9,14,18,Passing clouds.,15,49,07
5,20,2021,5,9,0,Passing clouds.,15,51,51
5,20,2021,9,13,6,Broken clouds.,15,51,51
5,20,2021,12,14,12,Broken clouds.,15,51,51
5,20,2021,11,14,18,Broken clouds.,15,51,51
5,21,2021,11,11,0,Passing clouds.,15,54,31
5,21,2021,11,13,6,Partly sunny.,15,54,31
5,21,2021,11,12,12,Partly sunny.,15,54,31
5,21,2021,10,11,18,Partly sunny.,15,54,31
5,22,2021,9,10,0,Passing clouds.,15,57,08
5,22,2021,9,11,6,Broken clouds.,15,57,08
5,22,2021,11,15,12,Partly sunny.,15,57,08
5,22,2021,7,14,18,Passing clouds.,15,57,08
5,23,2021,4,7,0,Passing clouds.,15,59,41
5,23,2021,6,12,6,Sunny.,15,59,41
5,23,2021,11,13,12,Light rain. Partly sunny.,15,59,41
5,23,2021,10,12,18,Light rain. Partly sunny.,15,59,41
5,24,2021,7,9,0,Passing clouds.,16,02,10
5,24,2021,9,13,6,Scattered clouds.,16,02,10
5,24,2021,10,13,12,Scattered clouds.,16,02,10
5,24,2021,9,11,18,Sprinkles. Broken clouds.,16,02,10
5,25,2021,6,8,0,Passing clouds.,16,04,35
5,25,2021,8,12,6,Partly sunny.,16,04,35
5,25,2021,13,15,12,Partly sunny.,16,04,35
5,25,2021,8,13,18,Passing clouds.,16,04,35
5,26,2021,5,7,0,Clear.,16,06,56
5,26,2021,8,13,6,Broken clouds.,16,06,56
5,26,2021,15,16,12,Sunny.,16,06,56
5,26,2021,11,14,18,Sunny.,16,06,56
5,27,2021,6,10,0,Clear.,16,09,13
5,27,2021,8,18,6,Sunny.,16,09,13
5,27,2021,18,20,12,Sunny.,16,09,13
5,27,2021,13,19,18,Sunny.,16,09,13
5,28,2021,10,12,0,Passing clouds.,16,11,25
5,28,2021,12,19,6,Sunny.,16,11,25
5,28,2021,16,19,12,Mostly cloudy.,16,11,25
5,28,2021,14,16,18,Sunny.,16,11,25
5,29,2021,12,14,0,Overcast.,16,13,33
5,29,2021,13,19,6,Sunny.,16,13,33
5,29,2021,19,21,12,Passing clouds.,16,13,33
5,29,2021,13,21,18,Sunny.,16,13,33
5,30,2021,9,12,0,Clear.,16,15,36
5,30,2021,9,14,6,Partly sunny.,16,15,36
5,30,2021,15,21,12,Passing clouds.,16,15,36
5,30,2021,10,19,18,Sunny.,16,15,36
5,31,2021,8,10,0,Clear.,16,17,34
5,31,2021,10,19,6,Low clouds.,16,17,34
5,31,2021,20,25,12,Passing clouds.,16,17,34
5,31,2021,15,23,18,Clear.,16,17,34
6,1,2021,11,14,0,Clear.,16,19,28
6,1,2021,13,25,6,Sunny.,16,19,28
6,1,2021,24,25,12,Sunny.,16,19,28
6,1,2021,17,23,18,Sunny.,16,19,28
6,2,2021,12,16,0,Clear.,16,21,17
6,2,2021,15,26,6,Sunny.,16,21,17
6,2,2021,25,27,12,Sunny.,16,21,17
6,2,2021,18,24,18,Sunny.,16,21,17
6,3,2021,17,18,0,Passing clouds.,16,23,01
6,3,2021,17,20,6,Scattered clouds.,16,23,01
6,3,2021,20,23,12,Scattered clouds.,16,23,01
6,3,2021,15,21,18,Sunny.,16,23,01
6,4,2021,13,14,0,Passing clouds.,16,24,40
6,4,2021,14,16,6,Rain. Cloudy.,16,24,40
6,4,2021,15,15,12,Light rain. Partly sunny.,16,24,40
6,4,2021,14,15,18,Broken clouds.,16,24,40
6,5,2021,11,14,0,Mostly cloudy.,16,26,14
6,5,2021,12,19,6,Scattered clouds.,16,26,14
6,5,2021,20,23,12,Sunny.,16,26,14
6,5,2021,15,22,18,Sunny.,16,26,14
6,6,2021,12,15,0,Clear.,16,27,42
6,6,2021,13,19,6,Sunny.,16,27,42
6,6,2021,20,23,12,Partly sunny.,16,27,42
6,6,2021,17,23,18,Scattered clouds.,16,27,42
6,7,2021,14,16,0,Overcast.,16,29,05
6,7,2021,15,19,6,Partly sunny.,16,29,05
6,7,2021,21,24,12,Scattered clouds.,16,29,05
6,7,2021,16,22,18,Partly sunny.,16,29,05
6,8,2021,12,15,0,Clear.,16,30,23
6,8,2021,13,22,6,Partly sunny.,16,30,23
6,8,2021,23,24,12,Sunny.,16,30,23
6,8,2021,16,23,18,Sunny.,16,30,23
6,9,2021,11,14,0,Clear.,16,31,34
6,9,2021,15,23,6,Passing clouds.,16,31,34
6,9,2021,23,25,12,Sunny.,16,31,34
6,9,2021,18,23,18,Sunny.,16,31,34
6,10,2021,16,17,0,Passing clouds.,16,32,41
6,10,2021,16,21,6,Partly sunny.,16,32,41
6,10,2021,22,23,12,Partly sunny.,16,32,41
6,10,2021,17,23,18,Scattered clouds.,16,32,41
6,11,2021,16,17,0,Low clouds.,16,33,41
6,11,2021,17,21,6,Broken clouds.,16,33,41
6,11,2021,22,24,12,Partly sunny.,16,33,41
6,11,2021,18,22,18,Scattered clouds.,16,33,41
6,12,2021,14,17,0,Passing clouds.,16,34,36
6,12,2021,15,20,6,Broken clouds.,16,34,36
6,12,2021,21,23,12,Passing clouds.,16,34,36
6,12,2021,16,23,18,Sunny.,16,34,36
6,13,2021,13,16,0,Clear.,16,35,25
6,13,2021,15,24,6,Sunny.,16,35,25
6,13,2021,24,28,12,Passing clouds.,16,35,25
6,13,2021,19,27,18,Clear.,16,35,25
6,14,2021,14,16,0,Clear.,16,36,08
6,14,2021,17,25,6,Sunny.,16,36,08
6,14,2021,25,27,12,Scattered clouds.,16,36,08
6,14,2021,19,25,18,Sunny.,16,36,08
6,15,2021,15,18,0,Passing clouds.,16,36,45
6,15,2021,15,21,6,Partly sunny.,16,36,45
6,15,2021,23,26,12,Partly sunny.,16,36,45
6,15,2021,19,26,18,Sunny.,16,36,45
6,16,2021,15,17,0,Passing clouds.,16,37,16
6,16,2021,17,24,6,Sunny.,16,37,16
6,16,2021,26,28,12,Scattered clouds.,16,37,16
6,16,2021,19,26,18,Light rain. Broken clouds.,16,37,16
6,17,2021,18,19,0,Partly cloudy.,16,37,41
6,17,2021,18,20,6,Partly sunny.,16,37,41
6,17,2021,20,21,12,Partly sunny.,16,37,41
6,17,2021,17,20,18,Light rain. Partly sunny.,16,37,41
6,18,2021,15,17,0,Passing clouds.,16,38,00
6,18,2021,14,15,6,Rain. Low clouds.,16,38,00
6,18,2021,14,14,12,Light rain. Mostly cloudy.,16,38,00
6,18,2021,12,14,18,Light rain. Mostly cloudy.,16,38,00
6,19,2021,12,12,0,Low clouds.,16,38,13
6,19,2021,12,14,6,Partly sunny.,16,38,13
6,19,2021,15,16,12,Partly sunny.,16,38,13
6,19,2021,13,14,18,Overcast.,16,38,13
6,20,2021,13,13,0,Low clouds.,16,38,20
6,20,2021,13,16,6,Drizzle. More clouds than sun.,16,38,20
6,20,2021,16,17,12,Partly sunny.,16,38,20
6,20,2021,14,16,18,Partly sunny.,16,38,20
6,21,2021,12,13,0,Overcast.,16,38,21
6,21,2021,12,13,6,Drizzle. Broken clouds.,16,38,21
6,21,2021,13,14,12,Light rain. Partly sunny.,16,38,21
6,21,2021,12,14,18,Overcast.,16,38,21
6,22,2021,11,12,0,Overcast.,16,38,16
6,22,2021,11,16,6,Broken clouds.,16,38,16
6,22,2021,16,18,12,Partly sunny.,16,38,16
6,22,2021,9,16,18,Clear.,16,38,16
6,23,2021,6,9,0,Clear.,16,38,04
6,23,2021,9,19,6,Sunny.,16,38,04
6,23,2021,19,21,12,Sunny.,16,38,04
6,23,2021,13,21,18,Sunny.,16,38,04
6,24,2021,9,12,0,Clear.,16,37,47
6,24,2021,10,19,6,Partly sunny.,16,37,47
6,24,2021,18,19,12,Partly sunny.,16,37,47
6,24,2021,17,19,18,Partly sunny.,16,37,47
6,25,2021,14,17,0,Partly cloudy.,16,37,24
6,25,2021,14,18,6,Light rain. Broken clouds.,16,37,24
6,25,2021,20,21,12,Broken clouds.,16,37,24
6,25,2021,15,19,18,Scattered clouds.,16,37,24
6,26,2021,14,15,0,Passing clouds.,16,36,54
6,26,2021,15,21,6,Passing clouds.,16,36,54
6,26,2021,21,23,12,Sunny.,16,36,54
6,26,2021,16,22,18,Clear.,16,36,54
6,27,2021,15,16,0,Passing clouds.,16,36,19
6,27,2021,16,18,6,Partly sunny.,16,36,19
6,27,2021,18,20,12,Mostly cloudy.,16,36,19
6,27,2021,16,20,18,Partly cloudy.,16,36,19
6,28,2021,15,15,0,Passing clouds.,16,35,38
6,28,2021,15,17,6,Drizzle. Low clouds.,16,35,38
6,28,2021,17,19,12,Broken clouds.,16,35,38
6,28,2021,15,18,18,Partly sunny.,16,35,38
6,29,2021,15,15,0,Low clouds.,16,34,51
6,29,2021,15,18,6,Partly sunny.,16,34,51
6,29,2021,14,18,12,Partly sunny.,16,34,51
6,29,2021,15,16,18,Partly sunny.,16,34,51
6,30,2021,13,14,0,Passing clouds.,16,33,58
6,30,2021,13,15,6,Partly sunny.,16,33,58
6,30,2021,15,17,12,Broken clouds.,16,33,58
6,30,2021,15,18,18,Partly sunny.,16,33,58
7,1,2021,11,14,0,Passing clouds.,16,32,59
7,1,2021,14,19,6,Partly sunny.,16,32,59
7,1,2021,18,21,12,Partly sunny.,16,32,59
7,1,2021,16,21,18,Sunny.,16,32,59
7,2,2021,14,16,0,Passing clouds.,16,31,55
7,2,2021,16,20,6,Partly sunny.,16,31,55
7,2,2021,20,24,12,Partly sunny.,16,31,55
7,2,2021,18,23,18,Partly sunny.,16,31,55
7,3,2021,16,18,0,Mostly cloudy.,16,30,45
7,3,2021,17,20,6,Overcast.,16,30,45
7,3,2021,20,22,12,Partly sunny.,16,30,45
7,3,2021,17,21,18,Passing clouds.,16,30,45
7,4,2021,15,16,0,Passing clouds.,16,29,29
7,4,2021,16,18,6,Broken clouds.,16,29,29
7,4,2021,17,21,12,Scattered clouds.,16,29,29
7,4,2021,15,17,18,Partly sunny.,16,29,29
7,5,2021,14,15,0,Passing clouds.,16,28,08
7,5,2021,14,21,6,Scattered clouds.,16,28,08
7,5,2021,18,21,12,Mostly cloudy.,16,28,08
7,5,2021,14,18,18,Light rain. Partly sunny.,16,28,08
7,6,2021,13,15,0,Passing clouds.,16,26,42
7,6,2021,13,18,6,Partly sunny.,16,26,42
7,6,2021,15,20,12,Partly sunny.,16,26,42
7,6,2021,13,17,18,Partly sunny.,16,26,42
7,7,2021,13,15,0,Passing clouds.,16,25,11
7,7,2021,15,18,6,Broken clouds.,16,25,11
7,7,2021,19,21,12,Broken clouds.,16,25,11
7,7,2021,14,20,18,Scattered clouds.,16,25,11
7,8,2021,14,15,0,Passing clouds.,16,23,34
7,8,2021,15,20,6,Partly sunny.,16,23,34
7,8,2021,17,21,12,Partly sunny.,16,23,34
7,8,2021,16,21,18,Passing clouds.,16,23,34
7,9,2021,15,16,0,Overcast.,16,21,52
7,9,2021,16,21,6,Partly sunny.,16,21,52
7,9,2021,22,24,12,Broken clouds.,16,21,52
7,9,2021,16,21,18,Clear.,16,21,52
7,10,2021,13,14,0,Partly cloudy.,16,20,05
7,10,2021,14,17,6,Sunny.,16,20,05
7,10,2021,16,18,12,Broken clouds.,16,20,05
7,10,2021,14,19,18,Clear.,16,20,05
7,11,2021,10,13,0,Clear.,16,18,14
7,11,2021,12,20,6,Scattered clouds.,16,18,14
7,11,2021,20,22,12,Partly sunny.,16,18,14
7,11,2021,15,19,18,Light rain. Partly sunny.,16,18,14
7,12,2021,14,15,0,Passing clouds.,16,16,17
7,12,2021,14,20,6,Partly sunny.,16,16,17
7,12,2021,18,21,12,More clouds than sun.,16,16,17
7,12,2021,16,18,18,Sprinkles. Partly sunny.,16,16,17
7,13,2021,15,16,0,Overcast.,16,14,16
7,13,2021,15,20,6,Partly sunny.,16,14,16
7,13,2021,20,22,12,Partly sunny.,16,14,16
7,13,2021,18,21,18,Passing clouds.,16,14,16
7,14,2021,14,16,0,Clear.,16,12,10
7,14,2021,15,21,6,Scattered clouds.,16,12,10
7,14,2021,22,25,12,Scattered clouds.,16,12,10
7,14,2021,17,24,18,Passing clouds.,16,12,10
7,15,2021,14,16,0,Clear.,16,10,00
7,15,2021,16,20,6,Broken clouds.,16,10,00
7,15,2021,20,21,12,Partly sunny.,16,10,00
7,15,2021,15,20,18,Partly sunny.,16,10,00
7,16,2021,10,14,0,Cool.,16,07,46
7,16,2021,12,23,6,Sunny.,16,07,46
7,16,2021,24,27,12,Sunny.,16,07,46
7,16,2021,19,25,18,Sunny.,16,07,46
7,17,2021,14,19,0,Cool.,16,05,27
7,17,2021,17,23,6,Mild.,16,05,27
7,17,2021,25,28,12,Sunny.,16,05,27
7,17,2021,19,28,18,Sunny.,16,05,27
7,18,2021,15,18,0,Cool.,16,03,05
7,18,2021,16,28,6,Warm.,16,03,05
7,18,2021,29,30,12,Sunny.,16,03,05
7,18,2021,22,30,18,Sunny.,16,03,05
7,19,2021,17,21,0,Mild.,16,00,38
7,19,2021,19,28,6,Sunny.,16,00,38
7,19,2021,28,30,12,Sunny.,16,00,38
7,19,2021,21,29,18,Mild.,16,00,38
7,20,2021,18,20,0,Mild.,15,58,08
7,20,2021,19,28,6,Sunny.,15,58,08
7,20,2021,29,31,12,Sunny.,15,58,08
7,20,2021,21,28,18,Passing clouds.,15,58,08
7,21,2021,17,20,0,Mild.,15,55,33
7,21,2021,19,27,6,Sunny.,15,55,33
7,21,2021,28,30,12,Sunny.,15,55,33
7,21,2021,22,29,18,Clear.,15,55,33
7,22,2021,17,20,0,Haze.,15,52,56
7,22,2021,19,27,6,Sunny.,15,52,56
7,22,2021,28,29,12,Sunny.,15,52,56
7,22,2021,19,27,18,Sunny.,15,52,56
7,23,2021,16,18,0,Cool.,15,50,14
7,23,2021,17,23,6,Scattered clouds.,15,50,14
7,23,2021,21,24,12,Partly sunny.,15,50,14
7,23,2021,17,20,18,Partly sunny.,15,50,14
7,24,2021,16,16,0,Passing clouds.,15,47,30
7,24,2021,15,18,6,Broken clouds.,15,47,30
7,24,2021,18,23,12,Partly sunny.,15,47,30
7,24,2021,18,23,18,Broken clouds.,15,47,30
7,25,2021,17,18,0,Partly cloudy.,15,44,42
7,25,2021,17,20,6,Partly sunny.,15,44,42
7,25,2021,19,21,12,Broken clouds.,15,44,42
7,25,2021,17,19,18,Sprinkles. Partly sunny.,15,44,42
7,26,2021,16,17,0,Passing clouds.,15,41,51
7,26,2021,16,22,6,Broken clouds.,15,41,51
7,26,2021,23,26,12,Partly sunny.,15,41,51
7,26,2021,19,25,18,Passing clouds.,15,41,51
7,27,2021,17,19,0,Passing clouds.,15,38,57
7,27,2021,17,21,6,Broken clouds.,15,38,57
7,27,2021,18,22,12,Broken clouds.,15,38,57
7,27,2021,17,21,18,Scattered clouds.,15,38,57
7,28,2021,17,17,0,Partly cloudy.,15,36,00
7,28,2021,17,19,6,Broken clouds.,15,36,00
7,28,2021,15,19,12,Sprinkles. Partly sunny.,15,36,00
7,28,2021,14,17,18,Passing clouds.,15,36,00
7,29,2021,12,13,0,Cool.,15,33,00
7,29,2021,13,19,6,Scattered clouds.,15,33,00
7,29,2021,20,22,12,Sunny.,15,33,00
7,29,2021,16,20,18,Sunny.,15,33,00
7,30,2021,14,16,0,Light rain. Passing clouds.,15,29,58
7,30,2021,15,16,6,Partly sunny.,15,29,58
7,30,2021,16,19,12,Partly sunny.,15,29,58
7,30,2021,15,17,18,Broken clouds.,15,29,58
7,31,2021,13,14,0,Passing clouds.,15,26,52
7,31,2021,14,19,6,Broken clouds.,15,26,52
7,31,2021,17,20,12,Partly sunny.,15,26,52
7,31,2021,16,19,18,Broken clouds.,15,26,52
8,1,2021,15,15,0,Overcast.,15,23,45
8,1,2021,15,19,6,Partly sunny.,15,23,45
8,1,2021,17,20,12,Partly sunny.,15,23,45
8,1,2021,14,19,18,Partly sunny.,15,23,45
8,2,2021,13,13,0,Overcast.,15,20,34
8,2,2021,14,20,6,Passing clouds.,15,20,34
8,2,2021,18,20,12,Partly sunny.,15,20,34
8,2,2021,15,18,18,Broken clouds.,15,20,34
8,3,2021,10,14,0,Passing clouds.,15,17,22
8,3,2021,12,19,6,Partly sunny.,15,17,22
8,3,2021,19,20,12,Partly sunny.,15,17,22
8,3,2021,14,19,18,Broken clouds.,15,17,22
8,4,2021,10,12,0,Passing clouds.,15,14,07
8,4,2021,12,20,6,Partly sunny.,15,14,07
8,4,2021,20,23,12,Broken clouds.,15,14,07
8,4,2021,16,22,18,Clear.,15,14,07
8,5,2021,13,15,0,Passing clouds.,15,10,50
8,5,2021,14,20,6,Broken clouds.,15,10,50
8,5,2021,17,20,12,Partly sunny.,15,10,50
8,5,2021,16,17,18,Drizzle. Partly sunny.,15,10,50
8,6,2021,16,16,0,Passing clouds.,15,07,31
8,6,2021,16,19,6,Broken clouds.,15,07,31
8,6,2021,16,21,12,Broken clouds.,15,07,31
8,6,2021,14,17,18,Partly sunny.,15,07,31
8,7,2021,13,14,0,Passing clouds.,15,04,10
8,7,2021,14,17,6,Sprinkles. Broken clouds.,15,04,10
8,7,2021,16,20,12,Passing clouds.,15,04,10
8,7,2021,16,18,18,Broken clouds.,15,04,10
8,8,2021,13,15,0,Passing clouds.,15,00,47
8,8,2021,14,16,6,Broken clouds.,15,00,47
8,8,2021,16,19,12,Broken clouds.,15,00,47
8,8,2021,14,18,18,Passing clouds.,15,00,47
8,9,2021,12,14,0,Passing clouds.,14,57,23
8,9,2021,14,19,6,Broken clouds.,14,57,23
8,9,2021,15,21,12,Scattered clouds.,14,57,23
8,9,2021,15,16,18,Partly sunny.,14,57,23
8,10,2021,13,14,0,Fog.,14,53,56
8,10,2021,14,19,6,Partly sunny.,14,53,56
8,10,2021,20,23,12,Scattered clouds.,14,53,56
8,10,2021,16,22,18,Passing clouds.,14,53,56
8,11,2021,12,15,0,Passing clouds.,14,50,28
8,11,2021,13,22,6,Sunny.,14,50,28
8,11,2021,22,24,12,Passing clouds.,14,50,28
8,11,2021,16,22,18,Scattered clouds.,14,50,28
8,12,2021,16,17,0,Low clouds.,14,46,58
8,12,2021,16,21,6,Broken clouds.,14,46,58
8,12,2021,20,22,12,Partly sunny.,14,46,58
8,12,2021,15,21,18,Passing clouds.,14,46,58
8,13,2021,13,14,0,Passing clouds.,14,43,27
8,13,2021,14,19,6,Partly sunny.,14,43,27
8,13,2021,19,22,12,Partly sunny.,14,43,27
8,13,2021,17,21,18,Broken clouds.,14,43,27
8,14,2021,14,17,0,Passing clouds.,14,39,55
8,14,2021,15,21,6,Partly sunny.,14,39,55
8,14,2021,21,24,12,Partly sunny.,14,39,55
8,14,2021,17,23,18,Overcast.,14,39,55
8,15,2021,14,17,0,Overcast.,14,36,21
8,15,2021,15,19,6,Partly sunny.,14,36,21
8,15,2021,20,23,12,Broken clouds.,14,36,21
8,15,2021,17,20,18,Broken clouds.,14,36,21
8,16,2021,12,17,0,Passing clouds.,14,32,45
8,16,2021,13,18,6,More clouds than sun.,14,32,45
8,16,2021,17,18,12,Broken clouds.,14,32,45
8,16,2021,11,18,18,Clear.,14,32,45
8,17,2021,11,13,0,Passing clouds.,14,29,09
8,17,2021,14,17,6,Partly sunny.,14,29,09
8,17,2021,17,18,12,Partly sunny.,14,29,09
8,17,2021,16,18,18,Partly sunny.,14,29,09
8,18,2021,15,16,0,Passing clouds.,14,25,31
8,18,2021,16,21,6,Partly sunny.,14,25,31
8,18,2021,21,24,12,Partly sunny.,14,25,31
8,18,2021,16,21,18,Partly sunny.,14,25,31
8,19,2021,14,16,0,Overcast.,14,21,53
8,19,2021,14,18,6,Partly sunny.,14,21,53
8,19,2021,20,21,12,Broken clouds.,14,21,53
8,19,2021,16,20,18,Light rain. Passing clouds.,14,21,53
8,20,2021,14,16,0,Passing clouds.,14,18,13
8,20,2021,14,19,6,Partly sunny.,14,18,13
8,20,2021,19,21,12,Partly sunny.,14,18,13
8,20,2021,18,20,18,Partly sunny.,14,18,13
8,21,2021,16,17,0,Passing clouds.,14,14,32
8,21,2021,16,18,6,Partly sunny.,14,14,32
8,21,2021,18,20,12,Broken clouds.,14,14,32
8,21,2021,16,20,18,Passing clouds.,14,14,32
8,22,2021,15,17,0,Passing clouds.,14,10,51
8,22,2021,15,20,6,Broken clouds.,14,10,51
8,22,2021,20,22,12,Broken clouds.,14,10,51
8,22,2021,17,18,18,Partly sunny.,14,10,51
8,23,2021,16,17,0,Passing clouds.,14,07,08
8,23,2021,16,18,6,Broken clouds.,14,07,08
8,23,2021,18,21,12,Passing clouds.,14,07,08
8,23,2021,13,20,18,Clear.,14,07,08
8,24,2021,13,15,0,Low clouds.,14,03,25
8,24,2021,13,19,6,Passing clouds.,14,03,25
8,24,2021,20,23,12,Sunny.,14,03,25
8,24,2021,15,22,18,Passing clouds.,14,03,25
8,25,2021,13,15,0,Cool.,13,59,40
8,25,2021,14,19,6,Scattered clouds.,13,59,40
8,25,2021,19,21,12,Passing clouds.,13,59,40
8,25,2021,17,19,18,Passing clouds.,13,59,40
8,26,2021,16,17,0,Overcast.,13,55,55
8,26,2021,16,17,6,Partly sunny.,13,55,55
8,26,2021,17,18,12,Partly sunny.,13,55,55
8,26,2021,15,18,18,Partly sunny.,13,55,55
8,27,2021,11,15,0,Passing clouds.,13,52,09
8,27,2021,12,18,6,Scattered clouds.,13,52,09
8,27,2021,18,19,12,Partly sunny.,13,52,09
8,27,2021,13,17,18,Clear.,13,52,09
8,28,2021,11,13,0,Low clouds.,13,48,23
8,28,2021,13,19,6,Partly sunny.,13,48,23
8,28,2021,18,20,12,Partly sunny.,13,48,23
8,28,2021,11,19,18,Cool.,13,48,23
8,29,2021,9,11,0,Passing clouds.,13,44,36
8,29,2021,9,18,6,Partly sunny.,13,44,36
8,29,2021,17,18,12,Partly sunny.,13,44,36
8,29,2021,15,18,18,Partly sunny.,13,44,36
8,30,2021,14,15,0,Overcast.,13,40,48
8,30,2021,14,16,6,More clouds than sun.,13,40,48
8,30,2021,16,17,12,More clouds than sun.,13,40,48
8,30,2021,14,17,18,Overcast.,13,40,48
8,31,2021,14,14,0,Passing clouds.,13,37,00
8,31,2021,14,16,6,More clouds than sun.,13,37,00
8,31,2021,17,19,12,Partly sunny.,13,37,00
8,31,2021,15,17,18,Overcast.,13,37,00
9,1,2021,14,15,0,Overcast.,13,33,11
9,1,2021,14,17,6,Broken clouds.,13,33,11
9,1,2021,16,18,12,More clouds than sun.,13,33,11
9,1,2021,15,18,18,Overcast.,13,33,11
9,2,2021,15,15,0,Overcast.,13,29,21
9,2,2021,15,18,6,Partly sunny.,13,29,21
9,2,2021,18,20,12,Scattered clouds.,13,29,21
9,2,2021,17,19,18,Passing clouds.,13,29,21
9,3,2021,14,16,0,Passing clouds.,13,25,31
9,3,2021,14,19,6,Partly sunny.,13,25,31
9,3,2021,19,21,12,Broken clouds.,13,25,31
9,3,2021,15,21,18,Passing clouds.,13,25,31
9,4,2021,13,15,0,Passing clouds.,13,21,40
9,4,2021,15,19,6,Broken clouds.,13,21,40
9,4,2021,18,19,12,Partly sunny.,13,21,40
9,4,2021,15,19,18,Clear.,13,21,40
9,5,2021,12,14,0,Passing clouds.,13,17,50
9,5,2021,13,22,6,Partly sunny.,13,17,50
9,5,2021,22,26,12,Passing clouds.,13,17,50
9,5,2021,16,25,18,Clear.,13,17,50
9,6,2021,13,16,0,Fog.,13,13,58
9,6,2021,12,24,6,Partly sunny.,13,13,58
9,6,2021,25,28,12,Sunny.,13,13,58
9,6,2021,17,27,18,Clear.,13,13,58
9,7,2021,14,16,0,Fog.,13,10,06
9,7,2021,13,28,6,Sunny.,13,10,06
9,7,2021,28,30,12,Sunny.,13,10,06
9,7,2021,19,28,18,Clear.,13,10,06
9,8,2021,16,18,0,Haze.,13,06,14
9,8,2021,16,28,6,Haze.,13,06,14
9,8,2021,27,30,12,Sunny.,13,06,14
9,8,2021,18,26,18,Sunny.,13,06,14
9,9,2021,16,18,0,Fog.,13,02,22
9,9,2021,17,20,6,Low clouds.,13,02,22
9,9,2021,19,22,12,Broken clouds.,13,02,22
9,9,2021,17,20,18,Passing clouds.,13,02,22
9,10,2021,17,17,0,Passing clouds.,12,58,29
9,10,2021,17,19,6,Partly sunny.,12,58,29
9,10,2021,19,22,12,Partly sunny.,12,58,29
9,10,2021,17,19,18,Partly sunny.,12,58,29
9,11,2021,17,18,0,Partly cloudy.,12,54,36
9,11,2021,17,21,6,Partly sunny.,12,54,36
9,11,2021,20,23,12,Partly sunny.,12,54,36
9,11,2021,14,20,18,Clear.,12,54,36
9,12,2021,11,13,0,Passing clouds.,12,50,43
9,12,2021,11,20,6,Partly sunny.,12,50,43
9,12,2021,19,21,12,Partly sunny.,12,50,43
9,12,2021,16,20,18,Clear.,12,50,43
9,13,2021,13,16,0,Partly cloudy.,12,46,49
9,13,2021,13,19,6,Broken clouds.,12,46,49
9,13,2021,19,21,12,Partly sunny.,12,46,49
9,13,2021,16,19,18,Passing clouds.,12,46,49
9,14,2021,16,16,0,Passing clouds.,12,42,56
9,14,2021,16,17,6,Rain. Partly sunny.,12,42,56
9,14,2021,17,20,12,Partly sunny.,12,42,56
9,14,2021,16,19,18,Haze.,12,42,56
9,15,2021,15,16,0,Passing clouds.,12,39,02
9,15,2021,15,18,6,Partly sunny.,12,39,02
9,15,2021,19,21,12,Passing clouds.,12,39,02
9,15,2021,12,20,18,Passing clouds.,12,39,02
9,16,2021,10,11,0,Passing clouds.,12,35,08
9,16,2021,10,20,6,Fog.,12,35,08
9,16,2021,21,23,12,Scattered clouds.,12,35,08
9,16,2021,15,21,18,Clear.,12,35,08
9,17,2021,13,14,0,Fog.,12,31,14
9,17,2021,14,20,6,Partly sunny.,12,31,14
9,17,2021,20,22,12,Partly sunny.,12,31,14
9,17,2021,13,20,18,Clear.,12,31,14
9,18,2021,11,13,0,Fog.,12,27,19
9,18,2021,12,23,6,Broken clouds.,12,27,19
9,18,2021,22,25,12,Partly sunny.,12,27,19
9,18,2021,16,21,18,Clear.,12,27,19
9,19,2021,13,15,0,Fog.,12,23,25
9,19,2021,15,18,6,Partly sunny.,12,23,25
9,19,2021,17,18,12,Partly sunny.,12,23,25
9,19,2021,14,17,18,Clear.,12,23,25
9,20,2021,11,13,0,Passing clouds.,12,19,31
9,20,2021,11,17,6,Partly sunny.,12,19,31
9,20,2021,18,19,12,Broken clouds.,12,19,31
9,20,2021,13,19,18,Clear.,12,19,31
9,21,2021,10,13,0,Fog.,12,15,36
9,21,2021,10,19,6,Scattered clouds.,12,15,36
9,21,2021,20,22,12,Scattered clouds.,12,15,36
9,21,2021,11,20,18,Clear.,12,15,36
9,22,2021,8,11,0,Cool.,12,11,41
9,22,2021,8,20,6,Fog.,12,11,41
9,22,2021,20,22,12,Passing clouds.,12,11,41
9,22,2021,13,20,18,Clear.,12,11,41
9,23,2021,12,13,0,Cool.,12,07,47
9,23,2021,12,20,6,Broken clouds.,12,07,47
9,23,2021,20,21,12,Broken clouds.,12,07,47
9,23,2021,15,19,18,Passing clouds.,12,07,47
9,24,2021,13,14,0,Fog.,12,03,52
9,24,2021,13,18,6,Passing clouds.,12,03,52
9,24,2021,19,25,12,Scattered clouds.,12,03,52
9,24,2021,17,22,18,Passing clouds.,12,03,52
9,25,2021,16,17,0,Low clouds.,11,59,57
9,25,2021,17,18,6,Low clouds.,11,59,57
9,25,2021,18,18,12,Partly sunny.,11,59,57
9,25,2021,11,17,18,Passing clouds.,11,59,57
9,26,2021,12,13,0,Fog.,11,56,03
9,26,2021,13,20,6,Fog.,11,56,03
9,26,2021,19,23,12,Broken clouds.,11,56,03
9,26,2021,16,18,18,Passing clouds.,11,56,03
9,27,2021,16,17,0,Passing clouds.,11,52,08
9,27,2021,14,17,6,Partly sunny.,11,52,08
9,27,2021,15,19,12,Passing clouds.,11,52,08
9,27,2021,11,16,18,Clear.,11,52,08
9,28,2021,10,11,0,Passing clouds.,11,48,13
9,28,2021,11,17,6,Broken clouds.,11,48,13
9,28,2021,14,18,12,Partly sunny.,11,48,13
9,28,2021,12,15,18,Rain. Passing clouds.,11,48,13
9,29,2021,9,11,0,Passing clouds.,11,44,19
9,29,2021,8,13,6,Scattered clouds.,11,44,19
9,29,2021,14,15,12,Passing clouds.,11,44,19
9,29,2021,8,13,18,Clear.,11,44,19
9,30,2021,6,8,0,Passing clouds.,11,40,24
9,30,2021,9,15,6,Light rain. Partly sunny.,11,40,24
9,30,2021,15,16,12,Partly sunny.,11,40,24
9,30,2021,14,15,18,Fog.,11,40,24
10,1,2021,15,16,0,Passing clouds.,11,36,29
10,1,2021,14,16,6,Partly sunny.,11,36,29
10,1,2021,15,18,12,Passing clouds.,11,36,29
10,1,2021,8,14,18,Clear.,11,36,29
10,2,2021,7,8,0,Passing clouds.,11,32,35
10,2,2021,8,13,6,Light rain. Overcast.,11,32,35
10,2,2021,13,15,12,Drizzle. Broken clouds.,11,32,35
10,2,2021,12,15,18,Partly cloudy.,11,32,35
10,3,2021,10,12,0,Overcast.,11,28,41
10,3,2021,10,15,6,Sunny.,11,28,41
10,3,2021,14,17,12,Scattered clouds.,11,28,41
10,3,2021,10,14,18,Passing clouds.,11,28,41
10,4,2021,10,11,0,Passing clouds.,11,24,47
10,4,2021,10,15,6,Passing clouds.,11,24,47
10,4,2021,13,16,12,Partly sunny.,11,24,47
10,4,2021,12,13,18,Clear.,11,24,47
10,5,2021,12,14,0,Rain. Passing clouds.,11,20,53
10,5,2021,11,13,6,Scattered clouds.,11,20,53
10,5,2021,13,15,12,Scattered clouds.,11,20,53
10,5,2021,11,14,18,Passing clouds.,11,20,53
10,6,2021,10,11,0,Cool.,11,16,59
10,6,2021,10,15,6,Passing clouds.,11,16,59
10,6,2021,15,17,12,Sunny.,11,16,59
10,6,2021,11,15,18,Clear.,11,16,59
10,7,2021,12,13,0,Passing clouds.,11,13,05
10,7,2021,13,17,6,Low clouds.,11,13,05
10,7,2021,17,17,12,Partly sunny.,11,13,05
10,7,2021,15,17,18,Fog.,11,13,05
10,8,2021,14,15,0,Fog.,11,09,12
10,8,2021,14,16,6,More clouds than sun.,11,09,12
10,8,2021,16,17,12,Overcast.,11,09,12
10,8,2021,12,17,18,Fog.,11,09,12
10,9,2021,6,10,0,Fog.,11,05,19
10,9,2021,6,15,6,Fog.,11,05,19
10,9,2021,16,20,12,Passing clouds.,11,05,19
10,9,2021,8,15,18,Fog.,11,05,19
10,10,2021,7,9,0,Fog.,11,01,27
10,10,2021,10,16,6,Fog.,11,01,27
10,10,2021,16,18,12,Scattered clouds.,11,01,27
10,10,2021,8,14,18,Passing clouds.,11,01,27
10,11,2021,7,8,0,Quite cool.,10,57,34
10,11,2021,6,12,6,Sunny.,10,57,34
10,11,2021,12,16,12,Partly sunny.,10,57,34
10,11,2021,8,13,18,Passing clouds.,10,57,34
10,12,2021,6,7,0,Passing clouds.,10,53,43
10,12,2021,7,14,6,Sunny.,10,53,43
10,12,2021,14,16,12,Broken clouds.,10,53,43
10,12,2021,12,13,18,Passing clouds.,10,53,43
10,13,2021,7,11,0,Passing clouds.,10,49,51
10,13,2021,8,14,6,Partly sunny.,10,49,51
10,13,2021,14,16,12,Partly sunny.,10,49,51
10,13,2021,9,15,18,Passing clouds.,10,49,51
10,14,2021,8,11,0,Overcast.,10,46,00
10,14,2021,9,16,6,Fog.,10,46,00
10,14,2021,16,18,12,Partly sunny.,10,46,00
10,14,2021,13,15,18,Passing clouds.,10,46,00
10,15,2021,13,13,0,Passing clouds.,10,42,10
10,15,2021,12,13,6,Partly sunny.,10,42,10
10,15,2021,13,15,12,Partly sunny.,10,42,10
10,15,2021,8,13,18,Passing clouds.,10,42,10
10,16,2021,6,8,0,Passing clouds.,10,38,20
10,16,2021,8,13,6,Light rain. Mostly cloudy.,10,38,20
10,16,2021,14,17,12,Scattered clouds.,10,38,20
10,16,2021,10,15,18,Fog.,10,38,20
10,17,2021,8,10,0,Fog.,10,34,31
10,17,2021,11,15,6,Fog.,10,34,31
10,17,2021,15,17,12,Partly sunny.,10,34,31
10,17,2021,9,14,18,Clear.,10,34,31
10,18,2021,6,8,0,Passing clouds.,10,30,42
10,18,2021,6,16,6,Fog.,10,30,42
10,18,2021,16,17,12,Drizzle. Low clouds.,10,30,42
10,18,2021,16,16,18,Light rain. Low clouds.,10,30,42
10,19,2021,16,17,0,Fog.,10,26,54
10,19,2021,18,19,6,Broken clouds.,10,26,54
10,19,2021,18,20,12,Mostly cloudy.,10,26,54
10,19,2021,16,18,18,Light rain. Passing clouds.,10,26,54
10,20,2021,16,16,0,Light rain. Passing clouds.,10,23,07
10,20,2021,15,18,6,Scattered clouds.,10,23,07
10,20,2021,15,19,12,Passing clouds.,10,23,07
10,20,2021,10,14,18,Passing clouds.,10,23,07
10,21,2021,8,9,0,Passing clouds.,10,19,20
10,21,2021,8,10,6,Broken clouds.,10,19,20
10,21,2021,9,12,12,Passing clouds.,10,19,20
10,21,2021,4,8,18,Passing clouds.,10,19,20
10,22,2021,5,5,0,Haze.,10,15,35
10,22,2021,5,11,6,Sunny.,10,15,35
10,22,2021,12,14,12,Partly sunny.,10,15,35
10,22,2021,10,12,18,Clear.,10,15,35
10,23,2021,9,10,0,Overcast.,10,11,50
10,23,2021,9,13,6,Partly sunny.,10,11,50
10,23,2021,13,14,12,Partly sunny.,10,11,50
10,23,2021,11,13,18,Passing clouds.,10,11,50
10,24,2021,11,12,0,Overcast.,10,08,06
10,24,2021,11,15,6,Partly sunny.,10,08,06
10,24,2021,14,16,12,Scattered clouds.,10,08,06
10,24,2021,13,14,18,Passing clouds.,10,08,06
10,25,2021,9,12,0,Passing clouds.,10,04,23
10,25,2021,10,15,6,Scattered clouds.,10,04,23
10,25,2021,13,17,12,Scattered clouds.,10,04,23
10,25,2021,8,12,18,Clear.,10,04,23
10,26,2021,6,10,0,Passing clouds.,10,00,41
10,26,2021,10,15,6,Broken clouds.,10,00,41
10,26,2021,15,17,12,Broken clouds.,10,00,41
10,26,2021,14,16,18,Mostly cloudy.,10,00,41
10,27,2021,15,15,0,Passing clouds.,9,57,00
10,27,2021,15,16,6,Broken clouds.,9,57,00
10,27,2021,15,17,12,Broken clouds.,9,57,00
10,27,2021,14,15,18,Passing clouds.,9,57,00
10,28,2021,13,14,0,Overcast.,9,53,20
10,28,2021,12,15,6,Broken clouds.,9,53,20
10,28,2021,14,16,12,Broken clouds.,9,53,20
10,28,2021,13,14,18,Passing clouds.,9,53,20
10,29,2021,14,15,0,Passing clouds.,9,49,41
10,29,2021,13,15,6,Drizzle. Partly sunny.,9,49,41
10,29,2021,12,15,12,Partly sunny.,9,49,41
10,29,2021,9,12,18,Passing clouds.,9,49,41
10,30,2021,8,11,0,Passing clouds.,9,46,04
10,30,2021,11,13,6,Partly sunny.,9,46,04
10,30,2021,11,15,12,Scattered clouds.,9,46,04
10,30,2021,8,11,18,Passing clouds.,9,46,04
10,31,2021,7,12,0,Passing clouds.,9,42,28
10,31,2021,12,15,6,Light rain. Broken clouds.,9,42,28
10,31,2021,10,15,12,Passing clouds.,9,42,28
10,31,2021,10,11,18,Clear.,9,42,28
11,1,2021,10,10,0,Passing clouds.,9,38,53
11,1,2021,9,13,6,Scattered clouds.,9,38,53
11,1,2021,9,12,12,Passing clouds.,9,38,53
11,1,2021,3,9,18,Clear.,9,38,53
11,2,2021,0,2,0,Passing clouds.,9,35,20
11,2,2021,1,11,6,Passing clouds.,9,35,20
11,2,2021,7,12,12,Passing clouds.,9,35,20
11,2,2021,1,5,18,Clear.,9,35,20
11,3,2021,-1,1,0,Chilly.,9,31,48
11,3,2021,0,9,6,Scattered clouds.,9,31,48
11,3,2021,8,9,12,Partly sunny.,9,31,48
11,3,2021,7,8,18,Passing clouds.,9,31,48
11,4,2021,6,7,0,Passing clouds.,9,28,18
11,4,2021,6,9,6,Partly sunny.,9,28,18
11,4,2021,8,10,12,Broken clouds.,9,28,18
11,4,2021,2,8,18,Passing clouds.,9,28,18
11,5,2021,-1,1,0,Chilly.,9,24,50
11,5,2021,-2,9,6,Sunny.,9,24,50
11,5,2021,9,11,12,Broken clouds.,9,24,50
11,5,2021,8,9,18,Overcast.,9,24,50
11,6,2021,7,10,0,Passing clouds.,9,21,24
11,6,2021,9,12,6,Broken clouds.,9,21,24
11,6,2021,12,13,12,Partly sunny.,9,21,24
11,6,2021,12,12,18,Passing clouds.,9,21,24
11,7,2021,9,12,0,Passing clouds.,9,17,59
11,7,2021,9,12,6,Cool.,9,17,59
11,7,2021,8,12,12,Cool.,9,17,59
11,7,2021,4,8,18,Chilly.,9,17,59
11,8,2021,1,4,0,Chilly.,9,14,37
11,8,2021,1,11,6,Sunny.,9,14,37
11,8,2021,11,12,12,Partly sunny.,9,14,37
11,8,2021,11,12,18,Fog.,9,14,37
11,9,2021,12,12,0,Overcast.,9,11,17
11,9,2021,11,15,6,Passing clouds.,9,11,17
11,9,2021,13,15,12,Broken clouds.,9,11,17
11,9,2021,10,13,18,Passing clouds.,9,11,17
11,10,2021,10,12,0,Overcast.,9,07,59
11,10,2021,11,13,6,More clouds than sun.,9,07,59
11,10,2021,13,14,12,Drizzle. Broken clouds.,9,07,59
11,10,2021,12,13,18,Fog.,9,07,59
11,11,2021,11,12,0,Passing clouds.,9,04,43
11,11,2021,11,14,6,Partly sunny.,9,04,43
11,11,2021,12,14,12,Broken clouds.,9,04,43
11,11,2021,7,12,18,Fog.,9,04,43
11,12,2021,7,11,0,Passing clouds.,9,01,30
11,12,2021,12,14,6,Drizzle. Partly sunny.,9,01,30
11,12,2021,12,15,12,Broken clouds.,9,01,30
11,12,2021,11,12,18,Passing clouds.,9,01,30
11,13,2021,10,11,0,Passing clouds.,8,58,20
11,13,2021,11,13,6,Partly sunny.,8,58,20
11,13,2021,12,13,12,Partly sunny.,8,58,20
11,13,2021,11,11,18,Overcast.,8,58,20
11,14,2021,10,11,0,Passing clouds.,8,55,12
11,14,2021,10,12,6,Drizzle. Partly sunny.,8,55,12
11,14,2021,12,13,12,Partly sunny.,8,55,12
11,14,2021,11,12,18,Passing clouds.,8,55,12
11,15,2021,10,10,0,Overcast.,8,52,07
11,15,2021,10,11,6,Overcast.,8,52,07
11,15,2021,6,12,12,Partly sunny.,8,52,07
11,15,2021,4,7,18,Fog.,8,52,07
11,16,2021,1,4,0,Fog.,8,49,05
11,16,2021,1,11,6,Scattered clouds.,8,49,05
11,16,2021,10,11,12,Broken clouds.,8,49,05
11,16,2021,9,10,18,Fog.,8,49,05
11,17,2021,4,7,0,Fog.,8,46,06
11,17,2021,4,12,6,Sunny.,8,46,06
11,17,2021,8,12,12,Scattered clouds.,8,46,06
11,17,2021,4,8,18,Clear.,8,46,06
11,18,2021,4,6,0,Clear.,8,43,10
11,18,2021,4,12,6,Sunny.,8,43,10
11,18,2021,13,14,12,Partly sunny.,8,43,10
11,18,2021,11,13,18,Passing clouds.,8,43,10
11,19,2021,11,11,0,Overcast.,8,40,17
11,19,2021,12,12,6,Partly sunny.,8,40,17
11,19,2021,11,12,12,Partly sunny.,8,40,17
11,19,2021,11,11,18,Passing clouds.,8,40,17
11,20,2021,10,11,0,Overcast.,8,37,28
11,20,2021,10,11,6,Broken clouds.,8,37,28
11,20,2021,10,10,12,Overcast.,8,37,28
11,20,2021,8,10,18,Passing clouds.,8,37,28
11,21,2021,5,9,0,Passing clouds.,8,34,43
11,21,2021,5,8,6,Passing clouds.,8,34,43
11,21,2021,6,8,12,Scattered clouds.,8,34,43
11,21,2021,4,6,18,Clear.,8,34,43
11,22,2021,4,4,0,Chilly.,8,32,01
11,22,2021,4,9,6,Passing clouds.,8,32,01
11,22,2021,6,10,12,Passing clouds.,8,32,01
11,22,2021,4,6,18,Clear.,8,32,01
11,23,2021,0,2,0,Fog.,8,29,23
11,23,2021,1,8,6,Fog.,8,29,23
11,23,2021,4,10,12,Sunny.,8,29,23
11,23,2021,0,4,18,Fog.,8,29,23
11,24,2021,3,5,0,Fog.,8,26,48
11,24,2021,6,7,6,Partly sunny.,8,26,48
11,24,2021,6,7,12,Partly sunny.,8,26,48
11,24,2021,3,6,18,Passing clouds.,8,26,48
11,25,2021,3,6,0,Passing clouds.,8,24,18
11,25,2021,3,7,6,Sunny.,8,24,18
11,25,2021,3,7,12,Passing clouds.,8,24,18
11,25,2021,2,3,18,Clear.,8,24,18
11,26,2021,2,5,0,Passing clouds.,8,21,52
11,26,2021,5,8,6,Light rain. Broken clouds.,8,21,52
11,26,2021,5,9,12,Sprinkles. Partly sunny.,8,21,52
11,26,2021,3,5,18,Clear.,8,21,52
11,27,2021,3,4,0,Passing clouds.,8,19,31
11,27,2021,3,5,6,Partly sunny.,8,19,31
11,27,2021,3,5,12,Partly sunny.,8,19,31
11,27,2021,1,4,18,Passing clouds.,8,19,31
11,28,2021,0,1,0,Passing clouds.,8,17,13
11,28,2021,-1,3,6,Sunny.,8,17,13
11,28,2021,2,4,12,Sunny.,8,17,13
11,28,2021,-2,2,18,Clear.,8,17,13
11,29,2021,-3,-1,0,Haze.,8,15,01
11,29,2021,-3,3,6,Partly sunny.,8,15,01
11,29,2021,2,3,12,Sunny.,8,15,01
11,29,2021,3,5,18,Passing clouds.,8,15,01
11,30,2021,5,8,0,Passing clouds.,8,12,53
11,30,2021,9,11,6,Broken clouds.,8,12,53
11,30,2021,12,12,12,Partly sunny.,8,12,53
11,30,2021,11,12,18,Passing clouds.,8,12,53
12,1,2021,10,11,0,Partly cloudy.,8,10,50
12,1,2021,8,10,6,Passing clouds.,8,10,50
12,1,2021,6,10,12,Passing clouds.,8,10,50
12,1,2021,2,6,18,Passing clouds.,8,10,50
12,2,2021,1,2,0,Overcast.,8,08,52
12,2,2021,0,4,6,Sunny.,8,08,52
12,2,2021,1,5,12,Passing clouds.,8,08,52
12,2,2021,0,1,18,Clear.,8,08,52
12,3,2021,1,3,0,Passing clouds.,8,06,59
12,3,2021,4,9,6,Drizzle. Partly sunny.,8,06,59
12,3,2021,8,9,12,More clouds than sun.,8,06,59
12,3,2021,4,7,18,Fog.,8,06,59
12,4,2021,4,6,0,Fog.,8,05,11
12,4,2021,5,7,6,Sunny.,8,05,11
12,4,2021,6,8,12,Passing clouds.,8,05,11
12,4,2021,4,6,18,Clear.,8,05,11
12,5,2021,5,5,0,Light rain. Passing clouds.,8,03,29
12,5,2021,4,6,6,Partly sunny.,8,03,29
12,5,2021,6,7,12,Drizzle. Broken clouds.,8,03,29
12,5,2021,4,6,18,Passing clouds.,8,03,29
12,6,2021,2,3,0,Fog.,8,01,52
12,6,2021,2,6,6,Partly sunny.,8,01,52
12,6,2021,6,8,12,Passing clouds.,8,01,52
12,6,2021,2,5,18,Chilly.,8,01,52
12,7,2021,1,2,0,Passing clouds.,8,00,21
12,7,2021,2,7,6,More clouds than sun.,8,00,21
12,7,2021,5,8,12,Light rain. Mostly cloudy.,8,00,21
12,7,2021,5,6,18,Partly cloudy.,8,00,21
12,8,2021,5,6,0,Passing clouds.,7,58,55
12,8,2021,6,8,6,Partly sunny.,7,58,55
12,8,2021,7,8,12,Partly sunny.,7,58,55
12,8,2021,6,7,18,Partly cloudy.,7,58,55
12,9,2021,4,6,0,Passing clouds.,7,57,36
12,9,2021,3,7,6,Sunny.,7,57,36
12,9,2021,7,9,12,Sunny.,7,57,36
12,9,2021,7,8,18,Light rain. Passing clouds.,7,57,36
12,10,2021,6,8,0,Light rain. Passing clouds.,7,56,22
12,10,2021,4,7,6,Passing clouds.,7,56,22
12,10,2021,5,7,12,Scattered clouds.,7,56,22
12,10,2021,2,5,18,Clear.,7,56,22
12,11,2021,1,2,0,Passing clouds.,7,55,14
12,11,2021,1,7,6,Sunny.,7,55,14
12,11,2021,7,8,12,Passing clouds.,7,55,14
12,11,2021,8,11,18,Passing clouds.,7,55,14
12,12,2021,11,11,0,Fog.,7,54,12
12,12,2021,11,14,6,Partly sunny.,7,54,12
12,12,2021,12,14,12,Partly sunny.,7,54,12
12,12,2021,11,12,18,Passing clouds.,7,54,12
12,13,2021,10,11,0,Passing clouds.,7,53,17
12,13,2021,11,12,6,Broken clouds.,7,53,17
12,13,2021,10,11,12,Partly cloudy.,7,53,17
12,13,2021,10,10,18,Passing clouds.,7,53,17
12,14,2021,10,10,0,Overcast.,7,52,28
12,14,2021,10,12,6,Partly sunny.,7,52,28
12,14,2021,12,13,12,Partly sunny.,7,52,28
12,14,2021,9,12,18,Passing clouds.,7,52,28
12,15,2021,9,12,0,Overcast.,7,51,45
12,15,2021,12,13,6,Partly sunny.,7,51,45
12,15,2021,13,13,12,Partly sunny.,7,51,45
12,15,2021,11,13,18,Overcast.,7,51,45
12,16,2021,10,11,0,Overcast.,7,51,08
12,16,2021,10,11,6,Overcast.,7,51,08
12,16,2021,10,12,12,Overcast.,7,51,08
12,16,2021,10,11,18,Overcast.,7,51,08
12,17,2021,9,10,0,Overcast.,7,50,38
12,17,2021,7,9,6,Partly sunny.,7,50,38
12,17,2021,7,8,12,Low clouds.,7,50,38
12,17,2021,8,9,18,Low clouds.,7,50,38
12,18,2021,8,8,0,Low clouds.,7,50,14
12,18,2021,8,9,6,Low clouds.,7,50,14
12,18,2021,8,9,12,Low clouds.,7,50,14
12,18,2021,7,8,18,Fog.,7,50,14
12,19,2021,5,7,0,Fog.,7,49,57
12,19,2021,3,4,6,Fog.,7,49,57
12,19,2021,3,5,12,Fog.,7,49,57
12,19,2021,4,6,18,Fog.,7,49,57
12,20,2021,6,6,0,Overcast.,7,49,46
12,20,2021,6,6,6,Partly sunny.,7,49,46
12,20,2021,6,7,12,Partly sunny.,7,49,46
12,20,2021,5,6,18,Overcast.,7,49,46
12,21,2021,5,5,0,Overcast.,7,49,42
12,21,2021,5,6,6,Partly sunny.,7,49,42
12,21,2021,4,7,12,Partly sunny.,7,49,42
12,21,2021,-2,3,18,Clear.,7,49,42
12,22,2021,-4,-2,0,Passing clouds.,7,49,44
12,22,2021,-4,4,6,Sunny.,7,49,44
12,22,2021,4,5,12,Sunny.,7,49,44
12,22,2021,3,4,18,Overcast.,7,49,44
12,23,2021,4,6,0,Low clouds.,7,49,53
12,23,2021,6,9,6,Low clouds.,7,49,53
12,23,2021,10,11,12,Low clouds.,7,49,53
12,23,2021,7,11,18,Passing clouds.,7,49,53
12,24,2021,4,8,0,Fog.,7,50,08
12,24,2021,7,10,6,Fog.,7,50,08
12,24,2021,9,10,12,Light rain. Broken clouds.,7,50,08
12,24,2021,9,9,18,Rain. Passing clouds.,7,50,08
12,25,2021,8,9,0,Fog.,7,50,30
12,25,2021,7,8,6,Partly sunny.,7,50,30
12,25,2021,6,7,12,Partly sunny.,7,50,30
12,25,2021,6,6,18,Light rain. Low clouds.,7,50,30
12,26,2021,5,6,0,Rain. Low clouds.,7,50,58
12,26,2021,6,8,6,Drizzle. Partly sunny.,7,50,58
12,26,2021,9,9,12,Fog.,7,50,58
12,26,2021,7,9,18,Fog.,7,50,58
12,27,2021,7,8,0,Fog.,7,51,32
12,27,2021,8,10,6,Light rain. Cloudy.,7,51,32
12,27,2021,10,11,12,Broken clouds.,7,51,32
12,27,2021,10,11,18,Light rain. Passing clouds.,7,51,32
12,28,2021,10,10,0,Partly cloudy.,7,52,14
12,28,2021,9,10,6,Broken clouds.,7,52,14
12,28,2021,11,11,12,Partly sunny.,7,52,14
12,28,2021,9,11,18,Overcast.,7,52,14
12,29,2021,7,8,0,Passing clouds.,7,53,01
12,29,2021,8,13,6,Passing clouds.,7,53,01
12,29,2021,12,15,12,Clear.,7,53,01
12,29,2021,11,14,18,Clear.,7,53,01
12,30,2021,14,15,0,Overcast.,7,53,55
12,30,2021,14,15,6,Partly sunny.,7,53,55
12,30,2021,14,15,12,Partly sunny.,7,53,55
12,30,2021,14,14,18,Passing clouds.,7,53,55
12,31,2021,13,14,0,Overcast.,7,54,55
12,31,2021,12,15,6,Partly sunny.,7,54,55
12,31,2021,14,15,12,Partly sunny.,7,54,55
12,31,2021,13,14,18,Passing clouds.,7,54,55
